Topology,TargetDegree,N,Runs,MeanSolverSeconds,SDSolverSeconds,ConvergedFraction
Random,6,200,1,0.0604638333333333,0,1
Random,6,400,1,0.225164583333333,0,1
Random,6,600,1,0.482311958333333,0,1
Random,6,800,1,0.877851333333333,0,1
Random,6,1000,1,0.843861,0,1
Random,6,1200,1,0.774621041666667,0,1
Random,6,1400,1,1.72511929166667,0,1
Random,6,1600,1,2.10791929166667,0,1
Random,6,1800,1,2.59119183333333,0,1
Random,6,2000,1,1.12099133333333,0,1
Random,6,2200,1,2.57506304166667,0,1
Random,6,2400,1,3.167467125,0,1
Random,6,2600,1,3.96908841666667,0,1
Random,6,2800,1,2.36366545833333,0,1
Random,6,3000,1,4.55200458333333,0,1
Random,6,3200,1,5.435188125,0,1
Random,6,3400,1,4.10968875,0,1
Random,6,3600,1,6.07585341666667,0,1
Random,6,3800,1,4.34919995833333,0,1
Random,6,4000,1,3.68519620833333,0,1
Random,6,4200,1,6.818399375,0,1
Random,6,4400,1,11.52961675,0,1
Random,6,4600,1,8.148174875,0,1
Random,6,4800,1,6.30950054166667,0,1
Random,6,5000,1,10.514516875,0,1
Random,6,5200,1,7.92395666666667,0,1
Random,6,5400,1,8.10797954166667,0,1
Random,6,5600,1,14.39113525,0,1
Random,6,5800,1,7.446330125,0,1
Random,6,6000,1,14.5722845416667,0,1
Random,6,6200,1,7.76546891666667,0,1
Random,6,6400,1,10.4215406666667,0,1
Random,6,6600,1,10.5303726666667,0,1
Random,6,6800,1,6.65113775,0,1
Random,6,7000,1,8.525411375,0,1
Random,6,7200,1,12.0603645416667,0,1
Random,6,7400,1,18.674759625,0,1
Random,6,7600,1,20.0078217083333,0,1
Random,6,7800,1,16.568157875,0,1
Random,6,8000,1,10.829232,0,1
Random,6,8200,1,10.2924552916667,0,1
Random,6,8400,1,12.8917331666667,0,1
Random,6,8600,1,9.746724375,0,1
Random,6,8800,1,9.9236335,0,1
Random,6,9000,1,13.1113083333333,0,1
Random,6,9200,1,14.043917125,0,1
Random,6,9400,1,14.0600490833333,0,1
Random,6,9600,1,11.888857125,0,1
Random,6,9800,1,21.0979251666667,0,1
Random,6,10000,1,13.3995601666667,0,1
Regular,6,200,1,0.105054916666667,0,1
Regular,6,400,1,0.200995666666667,0,1
Regular,6,600,1,0.34730675,0,1
Regular,6,800,1,0.688802958333333,0,1
Regular,6,1000,1,1.61322529166667,0,1
Regular,6,1200,1,2.83845816666667,0,1
Regular,6,1400,1,1.31906995833333,0,1
Regular,6,1600,1,0.990972708333333,0,1
Regular,6,1800,1,1.66493541666667,0,1
Regular,6,2000,1,2.17153729166667,0,1
Regular,6,2200,1,2.7163255,0,1
Regular,6,2400,1,2.807638625,0,1
Regular,6,2600,1,1.91026370833333,0,1
Regular,6,2800,1,5.53495591666667,0,1
Regular,6,3000,1,3.76952958333333,0,1
Regular,6,3200,1,2.96598320833333,0,1
Regular,6,3400,1,3.01298566666667,0,1
Regular,6,3600,1,5.4692105,0,1
Regular,6,3800,1,6.18251004166667,0,1
Regular,6,4000,1,4.7950155,0,1
Regular,6,4200,1,5.02769645833333,0,1
Regular,6,4400,1,4.96851704166667,0,1
Regular,6,4600,1,3.3043755,0,1
Regular,6,4800,1,9.33181575,0,1
Regular,6,5000,1,7.868876875,0,1
Regular,6,5200,1,7.02029325,0,1
Regular,6,5400,1,6.53016125,0,1
Regular,6,5600,1,5.555727625,0,1
Regular,6,5800,1,10.6325565416667,0,1
Regular,6,6000,1,7.75753725,0,1
Regular,6,6200,1,7.93731179166667,0,1
Regular,6,6400,1,11.4407312916667,0,1
Regular,6,6600,1,5.347131375,0,1
Regular,6,6800,1,12.8431359166667,0,1
Regular,6,7000,1,10.395691625,0,1
Regular,6,7200,1,9.26924729166667,0,1
Regular,6,7400,1,7.72759633333333,0,1
Regular,6,7600,1,9.98441620833333,0,1
Regular,6,7800,1,12.2808928333333,0,1
Regular,6,8000,1,11.2036240833333,0,1
Regular,6,8200,1,9.59486370833333,0,1
Regular,6,8400,1,12.6826699166667,0,1
Regular,6,8600,1,11.6154035,0,1
Regular,6,8800,1,13.5504276666667,0,1
Regular,6,9000,1,15.9315178333333,0,1
Regular,6,9200,1,19.2206883333333,0,1
Regular,6,9400,1,13.7120795416667,0,1
Regular,6,9600,1,11.3202131666667,0,1
Regular,6,9800,1,10.58424225,0,1
Regular,6,10000,1,17.7075802083333,0,1
Clustered,6,200,1,0.252577125,0,1
Clustered,6,400,1,0.225681666666667,0,1
Clustered,6,600,1,0.774050041666667,0,1
Clustered,6,800,1,0.527834375,0,1
Clustered,6,1000,1,1.149076,0,1
Clustered,6,1200,1,2.258313375,0,1
Clustered,6,1400,1,1.03382858333333,0,1
Clustered,6,1600,1,2.01597616666667,0,1
Clustered,6,1800,1,3.30071108333333,0,1
Clustered,6,2000,1,3.10892991666667,0,1
Clustered,6,2200,1,5.83144525,0,1
Clustered,6,2400,1,2.68625066666667,0,1
Clustered,6,2600,1,3.87259466666667,0,1
Clustered,6,2800,1,2.117646625,0,1
Clustered,6,3000,1,3.822788,0,1
Clustered,6,3200,1,3.37576520833333,0,1
Clustered,6,3400,1,5.799121375,0,1
Clustered,6,3600,1,4.96766833333333,0,1
Clustered,6,3800,1,5.82865370833333,0,1
Clustered,6,4000,1,4.93716775,0,1
Clustered,6,4200,1,4.264134875,0,1
Clustered,6,4400,1,5.87748220833333,0,1
Clustered,6,4600,1,6.55556375,0,1
Clustered,6,4800,1,5.80137633333333,0,1
Clustered,6,5000,1,5.99299854166667,0,1
Clustered,6,5200,1,4.33928754166667,0,1
Clustered,6,5400,1,9.33147466666667,0,1
Clustered,6,5600,1,14.9045908333333,0,1
Clustered,6,5800,1,15.7257444166667,0,1
Clustered,6,6000,1,7.15985291666667,0,1
Clustered,6,6200,1,12.5034723333333,0,1
Clustered,6,6400,1,18.5335974166667,0,1
Clustered,6,6600,1,9.82332933333333,0,1
Clustered,6,6800,1,8.525421875,0,1
Clustered,6,7000,1,6.04891829166667,0,1
Clustered,6,7200,1,20.1177682916667,0,1
Clustered,6,7400,1,8.584276,0,1
Clustered,6,7600,1,12.200762,0,1
Clustered,6,7800,1,11.4540479583333,0,1
Clustered,6,8000,1,14.6097624166667,0,1
Clustered,6,8200,1,19.3738897083333,0,1
Clustered,6,8400,1,14.307015875,0,1
Clustered,6,8600,1,16.9855728333333,0,1
Clustered,6,8800,1,10.886169125,0,1
Clustered,6,9000,1,12.6467459166667,0,1
Clustered,6,9200,1,13.0416850833333,0,1
Clustered,6,9400,1,20.4020751666667,0,1
Clustered,6,9600,1,14.57775475,0,1
Clustered,6,9800,1,17.2263142083333,0,1
Clustered,6,10000,1,12.0370415416667,0,1
Disconnected,6,200,1,0.276129083333333,0,1
Disconnected,6,400,1,0.368604708333333,0,1
Disconnected,6,600,1,1.38354316666667,0,1
Disconnected,6,800,1,1.28468916666667,0,1
Disconnected,6,1000,1,1.2907955,0,1
Disconnected,6,1200,1,1.01638204166667,0,1
Disconnected,6,1400,1,1.52922391666667,0,1
Disconnected,6,1600,1,1.967980125,0,1
Disconnected,6,1800,1,1.18058629166667,0,1
Disconnected,6,2000,1,2.439850375,0,1
Disconnected,6,2200,1,1.99921354166667,0,1
Disconnected,6,2400,1,2.06254591666667,0,1
Disconnected,6,2600,1,1.94272766666667,0,1
Disconnected,6,2800,1,2.6029325,0,1
Disconnected,6,3000,1,4.449888125,0,1
Disconnected,6,3200,1,7.33545079166667,0,1
Disconnected,6,3400,1,4.851227375,0,1
Disconnected,6,3600,1,3.244431625,0,1
Disconnected,6,3800,1,2.54659541666667,0,1
Disconnected,6,4000,1,6.167043125,0,1
Disconnected,6,4200,1,4.46201566666667,0,1
Disconnected,6,4400,1,8.62076829166667,0,1
Disconnected,6,4600,1,9.4098435,0,1
Disconnected,6,4800,1,4.720551625,0,1
Disconnected,6,5000,1,4.4391435,0,1
Disconnected,6,5200,1,7.273522125,0,1
Disconnected,6,5400,1,9.77550883333333,0,1
Disconnected,6,5600,1,4.50075116666667,0,1
Disconnected,6,5800,1,6.85875629166667,0,1
Disconnected,6,6000,1,6.16441604166667,0,1
Disconnected,6,6200,1,7.25970166666667,0,1
Disconnected,6,6400,1,8.335906875,0,1
Disconnected,6,6600,1,12.2742307916667,0,1
Disconnected,6,6800,1,6.39377079166667,0,1
Disconnected,6,7000,1,8.55531170833333,0,1
Disconnected,6,7200,1,10.18206375,0,1
Disconnected,6,7400,1,7.351498875,0,1
Disconnected,6,7600,1,11.17491175,0,1
Disconnected,6,7800,1,15.56519525,0,1
Disconnected,6,8000,1,5.66801145833333,0,1
Disconnected,6,8200,1,13.4059272916667,0,1
Disconnected,6,8400,1,13.5185339166667,0,1
Disconnected,6,8600,1,14.62725525,0,1
Disconnected,6,8800,1,15.3032590416667,0,1
Disconnected,6,9000,1,9.529326375,0,1
Disconnected,6,9200,1,17.5910819583333,0,1
Disconnected,6,9400,1,14.247455125,0,1
Disconnected,6,9600,1,13.8885515833333,0,1
Disconnected,6,9800,1,15.3286160833333,0,1
Disconnected,6,10000,1,18.9440364583333,0,1
