Topology,N,TargetDegree,Repetition,Seed,MeanDegree,MaxDegree,Edges,DirectedVariables,Components,GenerationSeconds,SolverSeconds,UpdateSeconds,GapSeconds,Sweeps,GapChecks,Converged,Status,MaxRegretUpper,SumRegretUpper,MeanRegretUpper,TotalSecurityUtility,FeasibilityViolation,BestResponseCalls,CoordinateVisits,SortWorkProxy,ModelBytes,AlgorithmArrayBytes,UpdateMessages,GapMessages,SetupMessages,TotalMessages,EstimatedBytes
Random,200,6,1,20372923,6,12,600,1200,1,0.0101845,0.0604638333333333,0.0484170416666667,0.011461625,55,12,1,converged,2.26826367904045e-08,9.45070686474425e-08,4.72535343237212e-10,456.301649543566,1.77635683940025e-15,13400,80400,218105.343664636,55784,11200,209000,31200,2400,242600,10674400
Random,400,6,1,20374923,6,14,1200,2400,1,0.00322458333333333,0.225164583333333,0.184166666666667,0.0399502916666667,105,22,1,converged,6.39236908761681e-07,1.60585152961739e-06,4.01462882404348e-09,892.441422144173,3.5527136788005e-15,50800,304800,827175.169464291,110184,22400,798000,114400,4800,917200,40356800
Random,600,6,1,20376923,6,13,1800,3600,1,0.00435175,0.482311958333333,0.39081075,0.0890832083333333,150,31,1,converged,6.5695505217496e-07,1.88064725347874e-06,3.13441208913123e-09,1288.86446775731,3.5527136788005e-15,108600,651600,1768051.1717557,164584,33600,1710000,241800,7200,1959000,86196000
Random,800,6,1,20378923,6,16,2400,4800,1,0.00532725,0.877851333333333,0.7231975,0.153305875,220,45,1,converged,1.36431401112234e-08,2.42423937530871e-08,3.03029921913589e-11,1789.19558201639,3.5527136788005e-15,212000,1272000,3466841.20328955,218984,44800,3344000,468000,9600,3821600,168150400
Random,1000,6,1,20380923,6,13,3000,6000,1,0.00633741666666667,0.843861,0.694552375,0.14829475,145,30,1,converged,1.8628201216447e-07,3.34963001629263e-07,3.34963001629263e-10,2263.8687975919,3.5527136788005e-15,175000,1050000,2830582.87282368,273384,56000,2755000,390000,12000,3157000,138908000
Random,1200,6,1,20382923,6,14,3600,7200,1,0.00656441666666667,0.774621041666667,0.636869291666667,0.136975208333333,135,28,1,converged,7.44128068911058e-07,1.50159688484271e-06,1.25133073736893e-09,2699.31230768707,3.5527136788005e-15,195600,1173600,3178396.80720278,327784,67200,3078000,436800,14400,3529200,155284800
Random,1400,6,1,20384923,6,15,4200,8400,1,0.00818358333333333,1.72511929166667,1.42369983333333,0.299804416666667,275,56,1,converged,2.63461529069721e-07,4.72212773171578e-07,3.37294837979698e-10,3103.44133566949,3.5527136788005e-15,463400,2780400,7536635.43105412,382184,78400,7315000,1019200,16800,8351000,367444000
Random,1600,6,1,20386923,6,14,4800,9600,1,0.00864408333333333,2.10791929166667,1.73774141666667,0.368192,285,58,1,converged,8.76198585193452e-08,1.56950277904426e-07,9.80939236902664e-11,3541.85042857169,3.5527136788005e-15,548800,3292800,8942907.74830652,436584,89600,8664000,1206400,19200,9889600,435142400
Random,1800,6,1,20388923,6,15,5400,10800,1,0.00847125,2.59119183333333,2.14122979166666,0.447609291666667,310,63,1,converged,1.63875991448994e-08,3.87950919213028e-08,2.15528288451682e-11,3994.30496531066,3.5527136788005e-15,671400,4028400,10955263.835232,490984,100800,10602000,1474200,21600,12097800,532303200
Random,2000,6,1,20390923,6,15,6000,12000,1,0.0100622083333333,1.12099133333333,0.925494291666667,0.194562625,120,25,1,converged,2.34451535304045e-07,1.00638784646967e-06,5.03193923234836e-10,4434.79761068718,3.5527136788005e-15,290000,1740000,4713637.53745037,545384,112000,4560000,650000,24000,5234000,230296000
Random,2200,6,1,20392923,6,14,6600,13200,1,0.01278125,2.57506304166667,2.11898579166667,0.453906166666667,250,51,1,converged,5.23721043230297e-07,9.53881725102286e-07,4.33582602319221e-10,4903.92129314635,3.5527136788005e-15,662200,3973200,10785340.7380721,599784,123200,10450000,1458600,26400,11935000,525140000
Random,2400,6,1,20394923,6,15,7200,14400,1,0.01213175,3.167467125,2.62016754166667,0.544656,285,58,1,converged,4.52410289221721e-07,8.53434066819014e-07,3.55597527841256e-10,5342.72142501604,3.5527136788005e-15,823200,4939200,13342736.5217683,654184,134400,12996000,1809600,28800,14834400,652713600
Random,2600,6,1,20396923,6,14,7800,15600,1,0.0128387083333333,3.96908841666667,3.27679316666667,0.688724708333333,300,61,1,converged,8.82512971834941e-07,2.82335634632777e-06,1.08590628704914e-09,5870.56966361655,3.5527136788005e-15,938600,5631600,15182460.3478328,708584,145600,14820000,2061800,31200,16913000,744172000
Random,2800,6,1,20398923,6,13,8400,16800,1,0.0147052083333333,2.36366545833333,1.94684691666667,0.415005541666667,170,35,1,converged,1.59234341963542e-07,6.7186718638748e-07,2.39952566566957e-10,6255.96979852476,3.5527136788005e-15,574000,3444000,9306293.84466193,762984,156800,9044000,1274000,33600,10351600,455470400
Random,3000,6,1,20400923,6,15,9000,18000,1,0.0143299166666667,4.55200458333333,3.726523625,0.820946083333333,225,46,1,converged,9.56292025908288e-07,2.25292893249984e-06,7.50976310833279e-10,6664.33847011007,3.5527136788005e-15,813000,4878000,13223244.8415255,817384,168000,12825000,1794000,36000,14655000,644820000
Random,3200,6,1,20402923,6,15,9600,19200,1,0.019198625,5.435188125,4.4852445,0.945797416666667,340,69,1,converged,8.64664706733683e-08,2.28361974813041e-07,7.13631171290755e-11,7205.0773570306,3.5527136788005e-15,1308800,7852800,21181673.0859533,871784,179200,20672000,2870400,38400,23580800,1037555200
Random,3400,6,1,20404923,6,14,10200,20400,1,0.0179460833333333,4.10968875,3.39920158333334,0.706142666666667,235,48,1,converged,6.32324699675408e-07,2.75656266488038e-06,8.10753724964818e-10,7567.18590314289,3.5527136788005e-15,962200,5773200,15593370.0712801,926184,190400,15181000,2121600,40800,17343400,763109600
Random,3600,6,1,20406923,6,15,10800,21600,1,0.0170605833333333,6.07585341666667,5.02374791666666,1.04775945833333,365,74,1,converged,2.21785614100287e-07,4.06497649440444e-07,1.12916013733457e-10,7986.6836552326,3.5527136788005e-15,1580400,9482400,25633972.4385393,980584,201600,24966000,3463200,43200,28472400,1252785600
Random,3800,6,1,20408923,6,17,11400,22800,1,0.0182849583333333,4.34919995833333,3.58620454166666,0.757146291666666,245,50,1,converged,9.87273036143536e-07,3.22246773654634e-06,8.48017825406931e-10,8512.09892411275,3.5527136788005e-15,1121000,6726000,18255650.936814,1034984,212800,17689000,2470000,45600,20204600,889002400
Random,4000,6,1,20410923,6,15,12000,24000,1,0.020516625,3.68519620833333,3.055181375,0.627358958333333,175,36,1,converged,7.71730072599402e-07,3.93030949675396e-06,9.82577374188489e-10,8953.1949013904,3.5527136788005e-15,844000,5064000,13684842.1547509,1089384,224000,13300000,1872000,48000,15220000,669680000
Random,4200,6,1,20412923,6,16,12600,25200,1,0.0217688333333333,6.818399375,5.64743879166666,1.16643866666667,310,63,1,converged,2.67980296488708e-07,4.13132015326432e-07,9.83647655539124e-11,9274.91081850401,3.5527136788005e-15,1566600,9399600,25471169.5299837,1143784,235200,24738000,3439800,50400,28228200,1242040800
Random,4400,6,1,20414923,6,15,13200,26400,1,0.0214355,11.52961675,9.56639370833334,1.95291479166667,430,87,1,converged,7.30375974842732e-07,1.02226973855597e-06,2.32334031489993e-10,9725.11281919464,3.5527136788005e-15,2274800,13648800,36859395.1302003,1198184,246400,35948000,4976400,52800,40977200,1802996800
Random,4600,6,1,20416923,6,16,13800,27600,1,0.0313581666666667,8.148174875,6.751562625,1.39118616666667,330,67,1,converged,3.42872100358695e-07,1.17606284457513e-06,2.55665835777203e-10,10312.6831967861,3.5527136788005e-15,1826200,10957200,29698499.3436856,1252584,257600,28842000,4006600,55200,32903800,1447767200
Random,4800,6,1,20418923,6,15,14400,28800,1,0.0269067916666667,6.30950054166667,5.23408091666667,1.071630125,240,49,1,converged,7.10725188592023e-07,1.60936057297804e-06,3.35283452703758e-10,10816.0501268735,3.5527136788005e-15,1387200,8323200,22464500.6767094,1306984,268800,21888000,3057600,57600,25003200,1100140800
Random,5000,6,1,20420923,6,16,15000,30000,1,0.026307875,10.514516875,8.65353633333332,1.82794475,390,79,1,converged,9.74219426772699e-07,1.7119420318375e-06,3.423884063675e-10,11130.5161820174,3.5527136788005e-15,2345000,14070000,38042196.3048099,1361384,280000,37050000,5135000,60000,42245000,1858780000
Random,5200,6,1,20422923,6,14,15600,31200,1,0.030867125,7.92395666666667,6.585751,1.33344570833333,265,54,1,converged,7.25748734583262e-07,3.19089667306875e-06,6.13633975590144e-10,11624.2201946436,3.5527136788005e-15,1658800,9952800,26909113.8734526,1415784,291200,26182000,3650400,62400,29894800,1315371200
Random,5400,6,1,20424923,6,14,16200,32400,1,0.037352625,8.10797954166667,6.66765441666666,1.43518808333333,235,48,1,converged,2.78295250739804e-07,1.63478494788338e-06,3.02737953311736e-10,12025.8934658291,3.5527136788005e-15,1528200,9169200,24826997.4463108,1470184,302400,24111000,3369600,64800,27545400,1211997600
Random,5600,6,1,20426923,6,15,16800,33600,1,0.0702389166666667,14.39113525,11.8749505416667,2.50806383333333,355,72,1,converged,9.75082697177512e-07,1.43646757109222e-06,2.56512066266467e-10,12457.4683147529,3.5527136788005e-15,2391200,14347200,38924299.9755889,1524584,313600,37772000,5241600,67200,43080800,1895555200
Random,5800,6,1,20428923,6,15,17400,34800,1,0.035551,7.446330125,6.16243516666667,1.27946125,225,46,1,converged,9.23142160433712e-07,4.36954203324609e-06,7.53369316076913e-10,12930.2920957355,3.5527136788005e-15,1571800,9430800,25497745.6523658,1578984,324800,24795000,3468400,69600,28333000,1246652000
Random,6000,6,1,20430923,6,16,18000,36000,1,0.035725,14.5722845416667,12.053813375,2.51071241666667,440,89,1,converged,2.10063417634154e-07,4.3182012114735e-07,7.19700201912251e-11,13361.0085289766,3.5527136788005e-15,3174000,19044000,51418638.2126327,1633384,336000,50160000,6942000,72000,57174000,2515656000
Random,6200,6,1,20432923,6,15,18600,37200,1,0.0314645416666667,7.76546891666667,6.41342970833333,1.34799920833333,245,50,1,converged,8.16753013438117e-07,1.5508229362908e-06,2.50132731659807e-10,13890.5310978104,3.5527136788005e-15,1829000,10974000,29673120.5451371,1687784,347200,28861000,4030000,74400,32965400,1450477600
Random,6400,6,1,20434923,6,15,19200,38400,1,0.0341295833333333,10.4215406666667,8.623467,1.79203325,315,64,1,converged,7.93630061689708e-07,2.87596283610392e-06,4.49369193141237e-10,14316.0527405495,3.5527136788005e-15,2425600,14553600,39376364.2492635,1742184,358400,38304000,5324800,76800,43705600,1923046400
Random,6600,6,1,20436923,6,15,19800,39600,1,0.0366795833333333,10.5303726666667,8.7428545,1.78256654166667,305,62,1,converged,5.35020114623475e-07,9.20041318464545e-07,1.39400199767355e-10,14858.9398373484,3.5527136788005e-15,2422200,14533200,39288471.6942832,1796584,369600,38247000,5319600,79200,43645800,1920415200
Random,6800,6,1,20438923,6,15,20400,40800,1,0.037293625,6.65113775,5.48193458333334,1.165947625,190,39,1,converged,9.88266215285003e-07,4.08917788447079e-06,6.01349688892764e-10,15306.8676218814,3.5527136788005e-15,1557200,9343200,25250789.33527,1850984,380800,24548000,3447600,81600,28077200,1235396800
Random,7000,6,1,20440923,6,16,21000,42000,1,0.0378141666666667,8.525411375,7.05173416666667,1.469442375,240,49,1,converged,8.89147140756405e-07,2.89505004111464e-06,4.13578577302092e-10,15526.8439046941,3.5527136788005e-15,2023000,12138000,32848088.4417048,1905384,392000,31920000,4459000,84000,36463000,1604372000
Random,7200,6,1,20442923,6,16,21600,43200,1,0.0357257083333333,12.0603645416667,9.99892245833333,2.05460141666667,330,67,1,converged,1.67028434822937e-07,1.11431902863718e-06,1.54766531755164e-10,15871.8818957304,3.5527136788005e-15,2858400,17150400,46315306.1416015,1959784,403200,45144000,6271200,86400,51501600,2266070400
Random,7400,6,1,20444923,6,15,22200,44400,1,0.0367810416666667,18.674759625,15.488018625,3.17437345833333,360,73,1,converged,8.08687986046316e-08,3.03357199183981e-07,4.09942161059434e-11,16578.3611515845,3.5527136788005e-15,3204200,19225200,51941917.0288667,2014184,414400,50616000,7022600,88800,57727400,2540005600
Random,7600,6,1,20446923,6,15,22800,45600,1,0.0512708333333333,20.0078217083333,16.5358150833333,3.459938625,455,92,1,converged,3.44941163556723e-07,1.1932515509092e-06,1.57006783014368e-10,17120.9507961284,3.5527136788005e-15,4157200,24943200,67431858.843003,2068584,425600,65702000,9089600,91200,74882800,3294843200
Random,7800,6,1,20448923,6,17,23400,46800,1,0.0454608333333333,16.568157875,13.682449375,2.87801791666667,395,80,1,converged,4.72062404625905e-07,1.42265747857315e-06,1.82391984432455e-10,17338.8331529416,3.5527136788005e-15,3705000,22230000,60154247.2602976,2122984,436800,58539000,8112000,93600,66744600,2936762400
Random,8000,6,1,20450923,6,17,24000,48000,1,0.0463568333333333,10.829232,8.95606483333334,1.866338625,265,54,1,converged,3.18005183769589e-07,1.59237400344567e-06,1.99046750430709e-10,17804.63175052,3.5527136788005e-15,2552000,15312000,41357913.8678211,2177384,448000,40280000,5616000,96000,45992000,2023648000
Random,8200,6,1,20452923,6,16,24600,49200,1,0.03875775,10.2924552916667,8.51780733333333,1.77015908333333,240,49,1,converged,3.2269363570744e-07,2.19465591118202e-06,2.67640964778295e-10,18248.0424498379,3.5527136788005e-15,2369800,14218800,38435767.1988432,2231784,459200,37392000,5223400,98400,42713800,1879407200
Random,8400,6,1,20454923,6,14,25200,50400,1,0.0424964166666667,12.8917331666667,10.6567613333333,2.22893483333333,300,61,1,converged,6.55817598103599e-07,4.26013226320188e-06,5.07158602762129e-10,18925.3166854941,3.5527136788005e-15,3032400,18194400,49154516.1278717,2286184,470400,47880000,6661200,100800,54642000,2404248000
Random,8600,6,1,20456923,6,17,25800,51600,1,0.0406640833333333,9.746724375,8.0681795,1.67280920833333,220,45,1,converged,9.09792194617523e-07,3.92461992939632e-06,4.56351154580967e-10,19175.4028999186,3.5527136788005e-15,2279000,13674000,36964732.6659954,2340584,481600,35948000,5031000,103200,41082200,1807616800
Random,8800,6,1,20458923,6,15,26400,52800,1,0.0437552083333333,9.9236335,8.20675016666667,1.71227879166667,220,45,1,converged,9.2126027692401e-07,5.92746056047331e-06,6.73575063690149e-10,19781.5865619037,3.5527136788005e-15,2332000,13992000,37789530.2095235,2394984,492800,36784000,5148000,105600,42037600,1849654400
Random,9000,6,1,20460923,6,15,27000,54000,1,0.0619115416666667,13.1113083333333,10.8317355,2.27333308333333,290,59,1,converged,5.60725592167765e-07,3.18345226803884e-06,3.53716918670982e-10,20109.6646805242,3.5527136788005e-15,3141000,18846000,51008100.9253198,2449384,504000,49590000,6903000,108000,56601000,2490444000
Random,9200,6,1,20462923,6,15,27600,55200,1,0.0452162083333333,14.043917125,11.5879265416667,2.44948408333333,265,54,1,converged,3.74705755075265e-07,2.33463871244335e-06,2.53765077439495e-10,20529.4232203665,3.5527136788005e-15,2934800,17608800,47561830.7139135,2503784,515200,46322000,6458400,110400,52890800,2327195200
Random,9400,6,1,20464923,6,15,28200,56400,1,0.0482720833333333,14.0600490833333,11.6598455833333,2.39381875,280,57,1,converged,7.27454340394254e-07,2.82493830293161e-06,3.00525351375704e-10,20955.3580271558,3.5527136788005e-15,3167800,19006800,51393962.3737911,2558184,526400,50008000,6965400,112800,57086200,2511792800
Random,9600,6,1,20466923,6,17,28800,57600,1,0.0484623333333333,11.888857125,9.83398195833333,2.04967879166667,245,50,1,converged,4.48113159880155e-07,2.84611013398089e-06,2.96469805623009e-10,21636.7882642293,3.5527136788005e-15,2832000,16992000,45920933.4133868,2612584,537600,44688000,6240000,115200,51043200,2245900800
Random,9800,6,1,20468923,6,15,29400,58800,1,0.0500331666666667,21.0979251666667,17.4686532083333,3.62007233333333,405,82,1,converged,9.5471883882663e-07,1.8870498396034e-06,1.9255610608198e-10,21962.1990198194,3.5527136788005e-15,4772600,28635600,77372376.6971332,2666984,548800,75411000,10446800,117600,85975400,3782917600
Random,10000,6,1,20470923,6,16,30000,60000,1,0.058393,13.3995601666667,11.05043725,2.34353054166667,245,50,1,converged,8.96475656981723e-07,6.13318100839334e-06,6.13318100839335e-10,22287.2811049136,3.5527136788005e-15,2950000,17700000,47850315.5063462,2721384,560000,46550000,6500000,120000,53170000,2339480000
Regular,200,6,1,20472923,6,8,600,1200,1,0.00500208333333333,0.105054916666667,0.0864390416666667,0.0184030833333333,110,23,1,converged,5.76419924864266e-07,1.08283985708014e-06,5.41419928540072e-09,456.74573989251,1.77635683940025e-15,26600,159600,426066.067155663,55784,11200,418000,59800,2400,480200,21128800
Regular,400,6,1,20474923,6,8,1200,2400,1,0.00305133333333333,0.200995666666667,0.163729166666667,0.0369160416666667,100,21,1,converged,7.84964427647753e-07,2.74318796264055e-06,6.85796990660138e-09,916.626155093981,3.5527136788005e-15,48400,290400,774958.362495296,110184,22400,760000,109200,4800,874000,38456000
Regular,600,6,1,20476923,6,8,1800,3600,1,0.00340254166666667,0.34730675,0.290161833333333,0.0566658333333333,110,23,1,converged,2.95144117406034e-07,8.79078456725709e-07,1.46513076120952e-09,1332.26935504345,3.5527136788005e-15,79800,478800,1277518.51240475,164584,33600,1254000,179400,7200,1440600,63386400
Regular,800,6,1,20478923,6,8,2400,4800,1,0.00409966666666667,0.688802958333333,0.567510166666667,0.120420458333333,165,34,1,converged,1.45122310549526e-08,5.70995853505706e-08,7.13744816882133e-11,1818.92740673018,3.5527136788005e-15,159200,955200,2548562.731649,218984,44800,2508000,353600,9600,2871200,126332800
Regular,1000,6,1,20480923,6,8,3000,6000,1,0.00497625,1.61322529166667,1.34256058333333,0.268954125,330,67,1,converged,5.98282492240737e-07,6.13515365267368e-07,6.13515365267368e-10,2230.76293131513,3.5527136788005e-15,397000,2382000,6355164.39273745,273384,56000,6270000,871000,12000,7153000,314732000
Regular,1200,6,1,20482923,6,8,3600,7200,1,0.00532079166666667,2.83845816666667,2.37584341666667,0.459971958333333,450,91,1,converged,5.07233229106018e-09,5.58054471956421e-09,4.65045393297017e-12,2721.84794292669,3.5527136788005e-15,649200,3895200,10392519.3838326,327784,67200,10260000,1419600,14400,11694000,514536000
Regular,1400,6,1,20484923,6,8,4200,8400,1,0.00680066666666667,1.31906995833333,1.101648,0.216222875,175,36,1,converged,7.490564196157e-08,3.06072930021954e-07,2.18623521444253e-10,3154.8663802433,3.5527136788005e-15,295400,1772400,4728540.09353301,382184,78400,4655000,655200,16800,5327000,234388000
Regular,1600,6,1,20486923,6,8,4800,9600,1,0.0067755,0.990972708333333,0.821737458333333,0.168382333333333,115,24,1,converged,3.87954012645488e-07,4.00755496302594e-06,2.50472185189121e-09,3635.63131539273,3.5527136788005e-15,222400,1334400,3559705.37474661,436584,89600,3496000,499200,19200,4014400,176633600
Regular,1800,6,1,20488923,6,8,5400,10800,1,0.00825029166666667,1.66493541666667,1.36275,0.300778333333333,165,34,1,converged,2.39114374835743e-07,1.25267479934519e-06,6.95930444080659e-10,4082.53859467757,3.5527136788005e-15,358200,2149200,5733228.11469668,490984,100800,5643000,795600,21600,6460200,284248800
Regular,2000,6,1,20490923,6,8,6000,12000,1,0.0113314583333333,2.17153729166667,1.79330725,0.376327625,200,41,1,converged,2.09427361267289e-07,1.04995369653432e-06,5.24976848267159e-10,4492.96387149385,3.5527136788005e-15,482000,2892000,7714945.21570127,545384,112000,7600000,1066000,24000,8690000,382360000
Regular,2200,6,1,20492923,6,8,6600,13200,1,0.010260875,2.7163255,2.24358420833333,0.470433708333333,240,49,1,converged,1.45870574330459e-07,4.34502677790745e-07,1.97501217177611e-10,4841.30906426692,3.5527136788005e-15,635800,3814800,10176469.8589726,599784,123200,10032000,1401400,26400,11459800,504231200
Regular,2400,6,1,20494923,6,8,7200,14400,1,0.0115828333333333,2.807638625,2.32353445833333,0.4818485,235,48,1,converged,6.10794153845396e-07,9.31754287967225e-07,3.88230953319677e-10,5409.71242314484,3.5527136788005e-15,679200,4075200,10870280.6366331,654184,134400,10716000,1497600,28800,12242400,538665600
Regular,2600,6,1,20496923,6,8,7800,15600,1,0.0105428333333333,1.91026370833333,1.57054908333333,0.3381155,140,29,1,converged,7.49896173560792e-07,4.28856010246448e-06,1.64944619325557e-09,5863.22308149629,3.5527136788005e-15,439400,2636400,7032320.39833006,708584,145600,6916000,980200,31200,7927400,348805600
Regular,2800,6,1,20498923,6,8,8400,16800,1,0.01329725,5.53495591666667,4.5899475,0.940774958333333,410,83,1,converged,1.89267758699701e-07,7.27326002882993e-07,2.59759286743926e-10,6249.35834457921,3.5527136788005e-15,1380400,8282400,22093366.8096315,762984,156800,21812000,3021200,33600,24866800,1094139200
Regular,3000,6,1,20500923,6,8,9000,18000,1,0.0118130833333333,3.76952958333333,3.13388220833333,0.632802791666667,265,54,1,converged,6.4448859021022e-07,1.24826421522316e-06,4.16088071741054e-10,6799.73922290865,3.5527136788005e-15,957000,5742000,15316660.3097948,817384,168000,15105000,2106000,36000,17247000,758868000
Regular,3200,6,1,20502923,6,8,9600,19200,1,0.012631875,2.96598320833333,2.45396991666667,0.509892333333333,195,40,1,converged,1.56660045399159e-07,1.18547076262487e-06,3.70459613320273e-10,7143.98708308662,3.5527136788005e-15,752000,4512000,12035545.3941293,871784,179200,11856000,1664000,38400,13558400,596569600
Regular,3400,6,1,20504923,6,8,10200,20400,1,0.013827125,3.01298566666667,2.48992795833333,0.519734666666667,180,37,1,converged,9.5068728281258e-07,4.17019426382128e-06,1.22652772465332e-09,7613.93160611302,3.5527136788005e-15,737800,4426800,11807840.7833417,926184,190400,11628000,1635400,40800,13304200,585384800
Regular,3600,6,1,20506923,6,8,10800,21600,1,0.0195433333333333,5.4692105,4.537105,0.92774875,310,63,1,converged,5.38342474047941e-07,1.25374438616471e-06,3.48262329490199e-10,8080.88314310656,3.5527136788005e-15,1342800,8056800,21490084.591033,980584,201600,21204000,2948400,43200,24195600,1064606400
Regular,3800,6,1,20508923,6,8,11400,22800,1,0.01529125,6.18251004166667,5.12403812500001,1.05382041666667,315,64,1,converged,3.02250518219168e-07,5.98262382846574e-07,1.57437469170151e-10,8532.41828127696,3.5527136788005e-15,1440200,8641200,23048936.4269984,1034984,212800,22743000,3161600,45600,25950200,1141808800
Regular,4000,6,1,20510923,6,8,12000,24000,1,0.01575825,4.7950155,3.994902625,0.796538916666667,235,48,1,converged,5.80594364281992e-07,1.0569596397392e-06,2.64239909934799e-10,8976.95675535129,3.5527136788005e-15,1132000,6792000,18116627.6806018,1089384,224000,17860000,2496000,48000,20404000,897776000
Regular,4200,6,1,20512923,6,8,12600,25200,1,0.0194617083333333,5.02769645833333,4.164476,0.859221375,245,50,1,converged,1.06313849206974e-07,5.09225043615376e-07,1.21244058003661e-10,9474.7739530389,3.5527136788005e-15,1239000,7434000,19829014.2422008,1143784,235200,19551000,2730000,50400,22331400,982581600
Regular,4400,6,1,20514923,6,8,13200,26400,1,0.0172460416666667,4.96851704166667,4.14187458333333,0.823076375,215,44,1,converged,9.55382565334629e-07,3.7111609233085e-06,8.43445664388295e-10,9850.1226511027,3.5527136788005e-15,1139600,6837600,18237724.179797,1198184,246400,17974000,2516800,52800,20543600,903918400
Regular,4600,6,1,20516923,6,8,13800,27600,1,0.019133,3.3043755,2.74377675,0.5581925,145,30,1,converged,8.0457912815571e-07,4.42329823171606e-06,9.61586572112188e-10,10270.8180206128,3.5527136788005e-15,805000,4830000,12882899.5184809,1252584,257600,12673000,1794000,55200,14522200,638976800
Regular,4800,6,1,20518923,6,8,14400,28800,1,0.022899375,9.33181575,7.75677875,1.569104875,395,80,1,converged,4.2310796958937e-07,1.89183592299665e-06,3.94132483957636e-10,10745.1838016971,3.5527136788005e-15,2280000,13680000,36488447.9766596,1306984,268800,36024000,4992000,57600,41073600,1807238400
Regular,5000,6,1,20520923,6,8,15000,30000,1,0.0194794166666667,7.868876875,6.524648375,1.33946775,315,64,1,converged,5.23951918212761e-07,1.27165030244687e-06,2.54330060489375e-10,11296.5711531853,3.5527136788005e-15,1895000,11370000,30326985.1280181,1361384,280000,29925000,4160000,60000,34145000,1502380000
Regular,5200,6,1,20522923,6,8,15600,31200,1,0.0237651666666667,7.02029325,5.858025,1.15820708333333,265,54,1,converged,5.87060627218658e-07,2.6575334275172e-06,5.11064120676384e-10,11663.0695818013,3.5527136788005e-15,1658800,9952800,26546336.7106969,1415784,291200,26182000,3650400,62400,29894800,1315371200
Regular,5400,6,1,20524923,6,8,16200,32400,1,0.0229731666666667,6.53016125,5.42185975,1.10456141666667,250,51,1,converged,6.87947064108535e-07,1.96509036236362e-06,3.6390562265993e-10,12225.9654583822,3.5527136788005e-15,1625400,9752400,26011931.178972,1470184,302400,25650000,3580200,64800,29295000,1288980000
Regular,5600,6,1,20526923,6,8,16800,33600,1,0.02298,5.555727625,4.595202375,0.957147583333333,205,42,1,converged,9.0548658962541e-07,5.79448014210163e-06,1.03472859680386e-09,12644.6715699231,3.5527136788005e-15,1383200,8299200,22135988.2779688,1524584,313600,21812000,3057600,67200,24936800,1097219200
Regular,5800,6,1,20528923,6,8,17400,34800,1,0.0241791666666667,10.6325565416667,8.83152566666667,1.794781625,360,73,1,converged,8.63451308346307e-07,1.35742990112761e-06,2.3403963812545e-10,13011.9689035935,3.5527136788005e-15,2511400,15068400,40190329.00234,1578984,324800,39672000,5504200,69600,45245800,1990815200
Regular,6000,6,1,20530923,6,8,18000,36000,1,0.02360525,7.75753725,6.43241225,1.320801125,270,55,1,converged,6.14440968408616e-07,2.47193566167358e-06,4.11989276945596e-10,13600.1338695868,3.5527136788005e-15,1950000,11700000,31206401.1550461,1633384,336000,30780000,4290000,72000,35142000,1546248000
Regular,6200,6,1,20532923,6,8,18600,37200,1,0.0239499166666667,7.93731179166667,6.57580666666667,1.35689875,255,52,1,converged,2.91090395700393e-07,2.17984601139106e-06,3.51588066353396e-10,14003.8904236459,3.5527136788005e-15,1903400,11420400,30460644.7068305,1687784,347200,30039000,4191200,74400,34304600,1509402400
Regular,6400,6,1,20534923,6,8,19200,38400,1,0.0244920416666667,11.4407312916667,9.47553383333333,1.95913583333333,370,75,1,converged,4.46930950924965e-07,8.77604297121684e-07,1.37125671425263e-10,14442.1667384688,3.5527136788005e-15,2848000,17088000,45576430.2684702,1742184,358400,44992000,6240000,76800,51308800,2257587200
Regular,6600,6,1,20536923,6,8,19800,39600,1,0.032531375,5.347131375,4.43614741666667,0.906140708333333,140,29,1,converged,5.84725437172877e-07,8.12907980885212e-06,1.23167875891699e-09,14863.0348144805,3.5527136788005e-15,1115400,6692400,17849890.0503513,1796584,369600,17556000,2488200,79200,20123400,885429600
Regular,6800,6,1,20538923,6,8,20400,40800,1,0.0328805416666667,12.8431359166667,10.665577375,2.16889466666667,350,71,1,converged,3.39164057260965e-07,8.4381869565837e-07,1.24090984655643e-10,15355.8465542914,3.5527136788005e-15,2862800,17176800,45813112.5479344,1850984,380800,45220000,6276400,81600,51578000,2269432000
Regular,7000,6,1,20540923,6,8,21000,42000,1,0.030184875,10.395691625,8.55626945833334,1.83191708333333,285,58,1,converged,4.55284836950137e-07,2.82196514575846e-06,4.03137877965494e-10,15858.2444486423,3.5527136788005e-15,2401000,14406000,38422993.7605176,1905384,392000,37905000,5278000,84000,43267000,1903748000
Regular,7200,6,1,20542923,6,8,21600,43200,1,0.031940875,9.26924729166667,7.69669116666666,1.56644495833333,250,51,1,converged,6.99913478526383e-07,1.73592194584981e-06,2.41100270256918e-10,16261.9911340775,3.5527136788005e-15,2167200,13003200,34681753.9891522,1959784,403200,34200000,4773600,86400,39060000,1718640000
Regular,7400,6,1,20544923,6,8,22200,44400,1,0.043835,7.72759633333333,6.39011616666666,1.33352991666667,200,41,1,converged,9.35541685630681e-07,6.90667644061352e-06,9.33334654136962e-10,16704.5117886396,3.5527136788005e-15,1783400,10700400,28539388.7224782,2014184,414400,28120000,3944200,88800,32153000,1414732000
Regular,7600,6,1,20546923,6,8,22800,45600,1,0.0310070833333333,9.98441620833333,8.27901395833333,1.700541125,260,53,1,converged,9.42649706835294e-07,3.46721580013673e-06,4.56212605281149e-10,17083.0841656247,3.5527136788005e-15,2378800,14272800,38067712.345603,2068584,425600,37544000,5236400,91200,42871600,1886350400
Regular,7800,6,1,20548923,6,8,23400,46800,1,0.0288069583333333,12.2808928333333,10.1958519166667,2.07911695833333,310,63,1,converged,5.81754309265047e-07,2.17432315252245e-06,2.78759378528519e-10,17611.3605754957,3.5527136788005e-15,2909400,17456400,46558299.3026842,2122984,436800,45942000,6388200,93600,52423800,2306647200
Regular,8000,6,1,20550923,6,8,24000,48000,1,0.032282125,11.2036240833333,9.31134566666667,1.88701416666667,280,57,1,converged,3.0915559661989e-07,8.20565534854127e-07,1.02570691856766e-10,17990.6195977355,3.5527136788005e-15,2696000,16176000,43143603.3377786,2177384,448000,42560000,5928000,96000,48584000,2137696000
Regular,8200,6,1,20552923,6,8,24600,49200,1,0.032168375,9.59486370833333,7.96594583333334,1.62436670833333,230,47,1,converged,5.70953591778759e-07,2.33406545095215e-06,2.84642128164896e-10,18447.8235224318,3.5527136788005e-15,2271400,13628400,36348828.3489955,2231784,459200,35834000,5010200,98400,40942600,1801474400
Regular,8400,6,1,20554923,6,8,25200,50400,1,0.0338502916666667,12.6826699166667,10.536569875,2.140017875,300,61,1,converged,4.08758240111567e-07,1.89330714192162e-06,2.25393707371622e-10,18935.8896926211,3.5527136788005e-15,3032400,18194400,48526450.5238252,2286184,470400,47880000,6661200,100800,54642000,2404248000
Regular,8600,6,1,20556923,6,8,25800,51600,1,0.031925875,11.6154035,9.60723525,2.00254220833333,270,55,1,converged,9.77494897025555e-07,2.24874675513209e-06,2.61482180829312e-10,19472.1795930584,3.5527136788005e-15,2795000,16770000,44727697.5268499,2340584,481600,44118000,6149000,103200,50370200,2216288800
Regular,8800,6,1,20558923,6,8,26400,52800,1,0.035739375,13.5504276666667,11.2814517916667,2.26268091666667,305,62,1,converged,6.47581839460437e-07,3.36931254260725e-06,3.82876425296278e-10,19836.7557936002,3.5527136788005e-15,3229600,19377600,51681959.6294681,2394984,492800,50996000,7092800,105600,58194400,2560553600
Regular,9000,6,1,20560923,6,8,27000,54000,1,0.0383691666666667,15.9315178333333,13.188249875,2.73545091666667,350,71,1,converged,3.15426537520771e-07,2.04053705350804e-06,2.26726339278671e-10,20306.9306194195,3.5527136788005e-15,3789000,22734000,60634172.353524,2449384,504000,59850000,8307000,108000,68265000,3003660000
Regular,9200,6,1,20562923,6,8,27600,55200,1,0.036975875,19.2206883333333,16.0008160416667,3.21124320833333,385,78,1,converged,9.17842697077177e-07,9.76649175893406e-07,1.06157519118848e-10,20618.5959752804,3.5527136788005e-15,4259600,25557600,68164367.5019999,2503784,515200,67298000,9328800,110400,76737200,3376436800
Regular,9400,6,1,20564923,6,8,28200,56400,1,0.0423512083333333,13.7120795416667,11.409334125,2.29643154166667,280,57,1,converged,8.20936087690552e-07,5.14589677354218e-06,5.47435826972572e-10,21353.1150613536,3.5527136788005e-15,3167800,19006800,50693103.6873566,2558184,526400,50008000,6965400,112800,57086200,2511792800
Regular,9600,6,1,20566923,6,8,28800,57600,1,0.046636875,11.3202131666667,9.42664316666667,1.88869879166667,215,44,1,converged,8.8538609459201e-07,4.01266748637089e-06,4.17986196496968e-10,21614.7508118531,3.5527136788005e-15,2486400,14918400,39788547.0038917,2612584,537600,39216000,5491200,115200,44822400,1972185600
Regular,9800,6,1,20568923,6,8,29400,58800,1,0.0425090416666667,10.58424225,8.77891720833333,1.80081833333333,205,42,1,converged,9.5131853339119e-07,4.35094788152074e-06,4.43974273624565e-10,21913.2961510959,3.5527136788005e-15,2420600,14523600,38735238.3158532,2666984,548800,38171000,5350800,117600,43639400,1920133600
Regular,10000,6,1,20570923,6,8,30000,60000,1,0.0476838333333333,17.7075802083333,14.7151365416667,2.98372275,305,62,1,converged,6.16881607835179e-07,2.87339146200213e-06,2.87339146200213e-10,22403.3839069875,3.5527136788005e-15,3670000,22020000,58728705.6226631,2721384,560000,57950000,8060000,120000,66130000,2909720000
Clustered,200,6,1,20572923,6,11,600,1200,1,0.106031208333333,0.252577125,0.204941541666667,0.0460477083333333,155,32,1,converged,2.53742369202216e-08,4.18147136191461e-08,2.0907356809573e-10,454.578816896623,0,37400,224400,603791.691618572,55784,11200,589000,83200,2400,674600,29682400
Clustered,400,6,1,20574923,6,15,1200,2400,1,0.013216,0.225681666666667,0.185850541666667,0.0393376666666667,85,18,1,converged,7.73396839062182e-07,2.52604683624957e-06,6.31511709062391e-09,913.527301692948,1.77635683940025e-15,41200,247200,675305.66968926,110184,22400,646000,93600,4800,744400,32753600
Clustered,600,6,1,20576923,6,12,1800,3600,1,0.007853875,0.774050041666667,0.635946375,0.137116,205,42,1,converged,2.40363025716297e-07,2.44655814969376e-07,4.07759691615627e-10,1365.04855982969,3.5527136788005e-15,148200,889200,2428694.45419085,164584,33600,2337000,327600,7200,2671800,117559200
Clustered,800,6,1,20578923,6,15,2400,4800,1,0.0137325,0.527834375,0.441484083333333,0.0855641666666666,85,18,1,converged,1.39867974665849e-07,3.835782638388e-07,4.794728297985e-10,1789.31422376583,3.5527136788005e-15,82400,494400,1345298.46028706,218984,44800,1292000,187200,9600,1488800,65507200
Clustered,1000,6,1,20580923,6,15,3000,6000,1,0.0153890416666667,1.149076,0.922341916666667,0.225105791666667,165,34,1,converged,8.05198488562043e-07,2.92729636971224e-06,2.92729636971224e-09,2201.55013624538,3.5527136788005e-15,199000,1194000,3262903.84781108,273384,56000,3135000,442000,12000,3589000,157916000
Clustered,1200,6,1,20582923,6,14,3600,7200,1,0.0148772083333333,2.258313375,1.90612325,0.349641333333333,235,48,1,converged,9.30965369205977e-07,2.38956202825919e-06,1.99130169021599e-09,2732.05321716215,3.5527136788005e-15,339600,2037600,5467766.92302776,327784,67200,5358000,748800,14400,6121200,269332800
Clustered,1400,6,1,20584923,6,15,4200,8400,1,0.0157625833333333,1.03382858333333,0.843335083333333,0.189412041666667,135,28,1,converged,3.20945558884443e-08,9.0766564458292e-08,6.48332603273514e-11,3135.19181055486,3.5527136788005e-15,228200,1369200,3715069.94444957,382184,78400,3591000,509600,16800,4117400,181165600
Clustered,1600,6,1,20586923,6,18,4800,9600,1,0.00982829166666667,2.01597616666667,1.6888615,0.325036583333333,185,38,1,converged,9.76144521110762e-07,1.83020344914685e-06,1.14387715571678e-09,3531.11706655501,3.5527136788005e-15,356800,2140800,5802400.56188023,436584,89600,5624000,790400,19200,6433600,283078400
Clustered,1800,6,1,20588923,6,14,5400,10800,1,0.0123039166666667,3.30071108333333,2.71551791666667,0.575942291666667,310,63,1,converged,9.08912598383566e-07,1.75966354861632e-06,9.77590860342402e-10,4049.67103881376,3.5527136788005e-15,671400,4028400,10909007.5659495,490984,100800,10602000,1474200,21600,12097800,532303200
Clustered,2000,6,1,20590923,6,14,6000,12000,1,0.0115762083333333,3.10892991666667,2.58416704166667,0.522071625,270,55,1,converged,8.46845471471898e-07,2.1785158071954e-06,1.0892579035977e-09,4540.19839922954,3.5527136788005e-15,650000,3900000,10582995.7537564,545384,112000,10260000,1430000,24000,11714000,515416000
Clustered,2200,6,1,20592923,6,15,6600,13200,1,0.0297779583333333,5.83144525,4.82747445833333,0.999383875,475,96,1,converged,1.67263596599237e-07,2.79798799603795e-07,1.2718127254718e-10,4889.95404205912,3.5527136788005e-15,1256200,7537200,20446783.933957,599784,123200,19855000,2745600,26400,22627000,995588000
Clustered,2400,6,1,20594923,6,16,7200,14400,1,0.0219756666666667,2.68625066666667,2.217739125,0.466235041666667,200,41,1,converged,2.55548313315328e-07,3.45011822734868e-07,1.43754926139528e-10,5377.60707967857,3.5527136788005e-15,578400,3470400,9414906.6452708,654184,134400,9120000,1279200,28800,10428000,458832000
Clustered,2600,6,1,20596923,6,15,7800,15600,1,0.0181958333333333,3.87259466666667,3.20164929166667,0.66774825,260,53,1,converged,8.50579657548137e-07,8.9424392915354e-07,3.43939972751361e-10,5717.27748208849,3.5527136788005e-15,813800,4882800,13172056.1821915,708584,145600,12844000,1791400,31200,14666600,645330400
Clustered,2800,6,1,20598923,6,16,8400,16800,1,0.0167334166666667,2.117646625,1.739606,0.376502458333333,135,28,1,converged,8.85574357702189e-07,2.64101546870498e-06,9.4321981025178e-10,6249.18293831569,3.5527136788005e-15,456400,2738400,7403472.82955113,762984,156800,7182000,1019200,33600,8234800,362331200
Clustered,3000,6,1,20600923,6,15,9000,18000,1,0.0159457916666667,3.822788,3.1484055,0.671251791666667,200,41,1,converged,1.28084386786981e-07,4.36885142472166e-07,1.45628380824055e-10,6758.34579441991,3.5527136788005e-15,723000,4338000,11741335.2905987,817384,168000,11400000,1599000,36000,13035000,573540000
Clustered,3200,6,1,20602923,6,16,9600,19200,1,0.0161654583333333,3.37576520833333,2.78852208333333,0.58483425,205,42,1,converged,4.40121008937185e-07,2.24057408360654e-06,7.00179401127045e-10,7101.33886416464,3.5527136788005e-15,790400,4742400,12903530.8551704,871784,179200,12464000,1747200,38400,14249600,626982400
Clustered,3400,6,1,20604923,6,15,10200,20400,1,0.0228931666666667,5.799121375,4.79520616666666,0.999768291666667,335,68,1,converged,8.18773397197864e-07,1.72724008778381e-06,5.08011790524651e-10,7611.83571367422,3.5527136788005e-15,1370200,8221200,22208163.5239051,926184,190400,21641000,3005600,40800,24687400,1086245600
Clustered,3600,6,1,20606923,6,15,10800,21600,1,0.0194935,4.96766833333333,4.12540733333333,0.839021333333333,260,53,1,converged,8.37544076852316e-07,3.83380703490546e-06,1.06494639858485e-09,8016.96453164841,3.5527136788005e-15,1126800,6760800,18281598.8395278,980584,201600,17784000,2480400,43200,20307600,893534400
Clustered,3800,6,1,20608923,6,16,11400,22800,1,0.019018375,5.82865370833333,4.823958875,1.00079525,285,58,1,converged,4.48156523094622e-07,8.68463591486153e-07,2.28543050391093e-10,8456.73663903292,3.5527136788005e-15,1303400,7820400,21199130.1498189,1034984,212800,20577000,2865200,45600,23487800,1033463200
Clustered,4000,6,1,20610923,6,15,12000,24000,1,0.0309897083333333,4.93716775,4.0028895,0.930035791666667,175,36,1,converged,7.50980443460026e-07,3.33122570918791e-06,8.32806427296978e-10,8856.97158623347,3.5527136788005e-15,844000,5064000,13732234.7188177,1089384,224000,13300000,1872000,48000,15220000,669680000
Clustered,4200,6,1,20612923,6,14,12600,25200,1,0.0232270833333333,4.264134875,3.51956525,0.74185775,180,37,1,converged,4.48313971215027e-07,1.33772520071975e-06,3.1850600017137e-10,9428.67565598858,3.5527136788005e-15,911400,5468400,14810448.1912594,1143784,235200,14364000,2020200,50400,16434600,723122400
Clustered,4400,6,1,20614923,6,17,13200,26400,1,0.0238909166666667,5.87748220833333,4.891366375,0.982046083333334,235,48,1,converged,2.86504778295501e-07,8.95118736458612e-07,2.03436076467866e-10,9863.30102338649,3.5527136788005e-15,1245200,7471200,20262589.6079288,1198184,246400,19646000,2745600,52800,22444400,987553600
Clustered,4600,6,1,20616923,6,15,13800,27600,1,0.0267679166666667,6.55556375,5.41243354166667,1.138874125,255,52,1,converged,7.18850797831847e-07,3.51195608633355e-06,7.63468714420337e-10,10241.612797547,3.5527136788005e-15,1412200,8473200,23022648.887324,1252584,257600,22287000,3109600,55200,25451800,1119879200
Clustered,4800,6,1,20618923,6,16,14400,28800,1,0.026446,5.80137633333333,4.80727358333333,0.990738333333333,225,46,1,converged,6.48704711288955e-07,4.61569925931203e-06,9.61604012356673e-10,10742.1368610297,3.5527136788005e-15,1300800,7804800,21130938.2744324,1306984,268800,20520000,2870400,57600,23448000,1031712000
Clustered,5000,6,1,20620923,6,15,15000,30000,1,0.0257305833333333,5.99299854166667,4.93416654166667,1.05494391666667,230,47,1,converged,9.04969386433026e-07,4.98662953403785e-06,9.97325906807569e-10,11136.1894687141,3.5527136788005e-15,1385000,8310000,22489775.1223437,1361384,280000,21850000,3055000,60000,24965000,1098460000
Clustered,5200,6,1,20622923,6,16,15600,31200,1,0.0230890833333333,4.33928754166667,3.59532275,0.741540583333333,150,31,1,converged,7.23921113435092e-07,3.4108771516941e-06,6.55937913787327e-10,11643.6568282648,3.5527136788005e-15,941200,5647200,15310871.7561547,1415784,291200,14820000,2095600,62400,16978000,747032000
Clustered,5400,6,1,20624923,6,15,16200,32400,1,0.0364167916666667,9.33147466666667,7.68994008333333,1.636490125,285,58,1,converged,7.40370256168007e-07,2.00135684876828e-06,3.70621638660792e-10,12106.1699313626,3.5527136788005e-15,1852200,11113200,30033086.388897,1470184,302400,29241000,4071600,64800,33377400,1468605600
Clustered,5600,6,1,20626923,6,16,16800,33600,1,0.0319232083333333,14.9045908333333,12.2975954583333,2.59772295833333,395,80,1,converged,7.7820709130027e-07,1.70127801432999e-06,3.03799645416069e-10,12582.2322531618,3.5527136788005e-15,2660000,15960000,43269054.4768971,1524584,313600,42028000,5824000,67200,47919200,2108444800
Clustered,5800,6,1,20628923,6,16,17400,34800,1,0.0419882916666667,15.7257444166667,13.0060600833333,2.70699804166667,440,89,1,converged,2.92567897798818e-07,7.05097299911805e-07,1.21568499984794e-10,12870.0468427447,3.5527136788005e-15,3068200,18409200,49851089.8112296,1578984,324800,48488000,6710600,69600,55268200,2431800800
Clustered,6000,6,1,20630923,6,17,18000,36000,1,0.036639375,7.15985291666667,5.93554733333333,1.220443125,200,41,1,converged,8.95129060623514e-07,1.92875868497911e-06,3.21459780829852e-10,13376.3778105598,3.5527136788005e-15,1446000,8676000,23511985.2437154,1633384,336000,22800000,3198000,72000,26070000,1147080000
Clustered,6200,6,1,20632923,6,14,18600,37200,1,0.0302665833333333,12.5034723333333,10.3470949166667,2.14948304166667,380,77,1,converged,5.56027226456806e-07,2.39591826382073e-06,3.86438429648505e-10,13935.1558791005,3.5527136788005e-15,2833400,17000400,46047496.2869886,1687784,347200,44764000,6206200,74400,51044600,2245962400
Clustered,6400,6,1,20634923,6,15,19200,38400,1,0.0393100833333333,18.5335974166667,15.3204806666667,3.20200683333333,495,100,1,converged,2.42731948406089e-07,8.55026478756345e-07,1.33597887305679e-10,14201.3697588213,3.5527136788005e-15,3808000,22848000,61916120.7389484,1742184,358400,60192000,8320000,76800,68588800,3017907200
Clustered,6600,6,1,20636923,6,17,19800,39600,1,0.04052825,9.82332933333333,8.15363925,1.66424558333333,280,57,1,converged,5.0554018132483e-07,2.08502863131157e-06,3.15913428986601e-10,14775.1721047585,3.5527136788005e-15,2224200,13345200,36219726.2480567,1796584,369600,35112000,4890600,79200,40081800,1763599200
Clustered,6800,6,1,20638923,6,15,20400,40800,1,0.034957625,8.525421875,7.08375104166667,1.437187375,220,45,1,converged,9.58573056229219e-07,5.48993713808553e-06,8.07343696777283e-10,15119.6464929889,3.5527136788005e-15,1802000,10812000,29253060.4738341,1850984,380800,28424000,3978000,81600,32483600,1429278400
Clustered,7000,6,1,20640923,6,16,21000,42000,1,0.0325194583333333,6.04891829166667,4.99997516666667,1.04607820833333,165,34,1,converged,8.12236412053337e-07,6.9319978679208e-06,9.90285409702971e-10,15589.1411390919,3.5527136788005e-15,1393000,8358000,22611036.6435256,1905384,392000,21945000,3094000,84000,25123000,1105412000
Clustered,7200,6,1,20642923,6,18,21600,43200,1,0.0330240416666667,20.1177682916667,16.684888875,3.422933875,485,98,1,converged,2.68595199363095e-07,1.08821717848567e-06,1.51141274789677e-10,16090.8843139617,3.5527136788005e-15,4197600,25185600,68235778.6645895,1959784,403200,66348000,9172800,86400,75607200,3326716800
Clustered,7400,6,1,20644923,6,15,22200,44400,1,0.0442362083333333,8.584276,7.07903608333333,1.50098179166667,220,45,1,converged,8.10274094850509e-07,3.24774408196636e-06,4.38884335400859e-10,16536.8607260642,3.5527136788005e-15,1961000,11766000,31870837.3965503,2014184,414400,30932000,4329000,88800,35349800,1555391200
Clustered,7600,6,1,20646923,6,17,22800,45600,1,0.0430445,12.200762,10.0926586666667,2.10247866666667,270,55,1,converged,9.75673988716079e-07,4.82528399356851e-06,6.34905788627436e-10,16994.3080700894,3.5527136788005e-15,2470000,14820000,40139271.4779022,2068584,425600,38988000,5434000,91200,44513200,1958580800
Clustered,7800,6,1,20648923,6,15,23400,46800,1,0.04127725,11.4540479583333,9.51474229166667,1.93250545833333,270,55,1,converged,3.49756407350349e-07,1.75491654173121e-06,2.24989300221949e-10,17563.6639781126,3.5527136788005e-15,2535000,15210000,41243257.5422921,2122984,436800,40014000,5577000,93600,45684600,2010122400
Clustered,8000,6,1,20650923,6,16,24000,48000,1,0.046344,14.6097624166667,12.1138338333333,2.48866183333333,345,70,1,converged,4.83084278252253e-07,3.20182658472836e-06,4.00228323091045e-10,17810.2578798069,3.5527136788005e-15,3320000,19920000,54149717.1186989,2177384,448000,52440000,7280000,96000,59816000,2631904000
Clustered,8200,6,1,20652923,6,16,24600,49200,1,0.0373345,19.3738897083333,16.0882877083333,3.27673058333333,445,90,1,converged,7.1866509845388e-07,1.51561288654989e-06,1.84830839823157e-10,18304.8432164014,3.5527136788005e-15,4387000,26322000,71355253.0257019,2231784,459200,69331000,9594000,98400,79023400,3477029600
Clustered,8400,6,1,20654923,6,16,25200,50400,1,0.0445149583333333,14.307015875,11.832003625,2.46858254166667,315,64,1,converged,2.40162602492646e-07,1.53857613408787e-06,1.83163825486651e-10,18741.3718164253,3.5527136788005e-15,3183600,19101600,51693087.3421172,2286184,470400,50274000,6988800,100800,57363600,2523998400
Clustered,8600,6,1,20656923,6,16,25800,51600,1,0.040053,16.9855728333333,14.0928399166667,2.88396570833333,380,77,1,converged,8.18699546747547e-07,1.76878012281078e-06,2.05672107303579e-10,19329.9764783849,3.5527136788005e-15,3930200,23581200,63969703.8885139,2340584,481600,62092000,8608600,103200,70803800,3115367200
Clustered,8800,6,1,20658923,6,14,26400,52800,1,0.0392900833333333,10.886169125,8.99886570833333,1.882355,245,50,1,converged,9.92122559680402e-07,7.17734051843233e-06,8.15606877094583e-10,19685.0643962178,3.5527136788005e-15,2596000,15576000,42095901.501397,2394984,492800,40964000,5720000,105600,46789600,2058742400
Clustered,9000,6,1,20660923,6,16,27000,54000,1,0.055054,12.6467459166667,10.4349009583333,2.20631895833333,275,56,1,converged,2.66828622637371e-07,1.50425633128081e-06,1.67139592364534e-10,20026.3227772092,3.5527136788005e-15,2979000,17874000,48473477.2177257,2449384,504000,47025000,6552000,108000,53685000,2362140000
Clustered,9200,6,1,20662923,6,16,27600,55200,1,0.044345,13.0416850833333,10.7650051666667,2.27091475,275,56,1,converged,7.32694293625663e-07,4.34323538876664e-06,4.72090803126809e-10,20539.2195778837,3.5527136788005e-15,3045200,18271200,49423246.2281819,2503784,515200,48070000,6697600,110400,54878000,2414632000
Clustered,9400,6,1,20664923,6,15,28200,56400,1,0.0507927083333333,20.4020751666667,16.930148,3.463205375,430,87,1,converged,1.18043013967728e-07,4.46797508627045e-07,4.75316498539409e-11,20927.1803705204,3.5527136788005e-15,4859800,29158800,78963105.4152084,2558184,526400,76798000,10631400,112800,87542200,3851856800
Clustered,9600,6,1,20666923,6,16,28800,57600,1,0.0416839166666667,14.57775475,12.0406015833333,2.53069758333333,290,59,1,converged,5.60599605726e-07,2.9567332666305e-06,3.07993048607344e-10,21400.8117745645,3.5527136788005e-15,3350400,20102400,54437933.3253263,2612584,537600,52896000,7363200,115200,60374400,2656473600
Clustered,9800,6,1,20668923,6,16,29400,58800,1,0.0454904166666667,17.2263142083333,14.2421009166667,2.96537920833333,330,67,1,converged,7.56258526256478e-07,3.43001559772619e-06,3.50001591604713e-10,21804.9871530463,7.105427357601e-15,3890600,23343600,63231393.9329211,2666984,548800,61446000,8535800,117600,70099400,3084373600
Clustered,10000,6,1,20670923,6,16,30000,60000,1,0.060056375,12.0370415416667,9.94749225,2.08444029166667,230,47,1,converged,6.62439616050609e-07,6.61192310441142e-06,6.61192310441142e-10,22379.3244493364,3.5527136788005e-15,2770000,16620000,45074151.410739,2721384,560000,43700000,6110000,120000,49930000,2196920000
Disconnected,200,6,1,20672923,6,13,600,1200,4,0.0202122916666667,0.276129083333333,0.226782625,0.0487905833333333,250,51,1,converged,6.0654032029892e-08,9.46754059810859e-08,4.7337702990543e-10,470.04017433479,1.77635683940025e-15,60200,361200,980042.605567462,55784,11200,950000,132600,2400,1085000,47740000
Disconnected,400,6,1,20674923,6,12,1200,2400,4,0.009422125,0.368604708333333,0.301621708333333,0.0663639166666667,180,37,1,converged,1.44052778153461e-07,1.86496222627681e-07,4.66240556569201e-10,908.744241709446,3.5527136788005e-15,86800,520800,1406640.72422681,110184,22400,1368000,192400,4800,1565200,68868800
Disconnected,600,6,1,20676923,6,14,1800,3600,4,0.007417625,1.38354316666667,1.13904675,0.236137666666667,435,88,1,converged,2.9817332476245e-09,3.65570343836198e-09,6.09283906393663e-12,1349.34041728511,3.5527136788005e-15,313800,1882800,5122901.25494262,164584,33600,4959000,686400,7200,5652600,248714400
Disconnected,800,6,1,20678923,6,14,2400,4800,4,0.00799566666666667,1.28468916666667,1.06246608333333,0.220756291666667,310,63,1,converged,5.2679739404824e-08,6.49145311846546e-08,8.11431639808182e-11,1786.82886042524,3.5527136788005e-15,298400,1790400,4872258.3292532,218984,44800,4712000,655200,9600,5376800,236579200
Disconnected,1000,6,1,20680923,6,14,3000,6000,4,0.00735220833333333,1.2907955,1.06267095833333,0.226865208333333,245,50,1,converged,3.41491407945425e-07,8.62127812068459e-07,8.62127812068459e-10,2122.65116249148,3.5527136788005e-15,295000,1770000,4789955.64597395,273384,56000,4655000,650000,12000,5317000,233948000
Disconnected,1200,6,1,20682923,6,16,3600,7200,4,0.00870966666666667,1.01638204166667,0.824793375,0.190558375,160,33,1,converged,5.53857381093998e-07,1.04306394857992e-06,8.69219957149931e-10,2691.73286334005,3.5527136788005e-15,231600,1389600,3759943.11283353,327784,67200,3648000,514800,14400,4177200,183796800
Disconnected,1400,6,1,20684923,6,14,4200,8400,4,0.00981845833333333,1.52922391666667,1.26155225,0.266214041666667,215,44,1,converged,1.95567670374067e-07,3.76223500075045e-07,2.68731071482175e-10,3129.66092556292,3.5527136788005e-15,362600,2175600,5933547.370198,382184,78400,5719000,800800,16800,6536600,287610400
Disconnected,1600,6,1,20686923,6,14,4800,9600,4,0.0105639583333333,1.967980125,1.61469029166667,0.351453916666667,240,49,1,converged,4.96793366262392e-07,1.69030674993775e-06,1.05644171871109e-09,3570.0525578272,3.5527136788005e-15,462400,2774400,7518564.20172065,436584,89600,7296000,1019200,19200,8334400,366713600
Disconnected,1800,6,1,20688923,6,14,5400,10800,4,0.0108729583333333,1.18058629166667,0.966531541666666,0.204756125,120,25,1,converged,8.32802584811851e-07,4.21275302536549e-06,2.34041834742527e-09,3945.87183576239,3.5527136788005e-15,261000,1566000,4245345.61533644,490984,100800,4104000,585000,21600,4710600,207266400
Disconnected,2000,6,1,20690923,6,14,6000,12000,4,0.0119592083333333,2.439850375,2.012989,0.424957541666667,240,49,1,converged,3.32143554265503e-07,5.67573485405301e-07,2.8378674270265e-10,4469.06531790943,3.5527136788005e-15,578000,3468000,9414598.78843734,545384,112000,9120000,1274000,24000,10418000,458392000
Disconnected,2200,6,1,20692923,6,15,6600,13200,4,0.0141278333333333,1.99921354166667,1.64458966666667,0.35299175,180,37,1,converged,6.97103361946783e-07,3.64083139416456e-06,1.65492336098389e-09,4923.14192800083,3.5527136788005e-15,477400,2864400,7771139.59676459,599784,123200,7524000,1058200,26400,8608600,378778400
Disconnected,2400,6,1,20694923,6,15,7200,14400,4,0.014305,2.06254591666667,1.700540125,0.360402791666667,170,35,1,converged,4.41829283108551e-07,1.11101803639919e-06,4.62924181832997e-10,5349.73931589781,3.5527136788005e-15,492000,2952000,7979773.42429277,654184,134400,7752000,1092000,28800,8872800,390403200
Disconnected,2600,6,1,20696923,6,14,7800,15600,4,0.0146720833333333,1.94272766666667,1.59564004166667,0.345650625,150,31,1,converged,8.31172275101593e-07,4.63876858586211e-06,1.78414176379312e-09,5743.78916781827,3.5527136788005e-15,470600,2823600,7683683.36112695,708584,145600,7410000,1047800,31200,8489000,373516000
Disconnected,2800,6,1,20698923,6,14,8400,16800,4,0.0183118333333333,2.6029325,2.14816866666667,0.442823375,180,37,1,converged,8.4047372386287e-07,2.6695494739797e-06,9.5341052642132e-10,6186.60330591776,3.5527136788005e-15,607600,3645600,9878931.43155154,762984,156800,9576000,1346800,33600,10956400,482081600
Disconnected,3000,6,1,20700923,6,16,9000,18000,4,0.0156033333333333,4.449888125,3.675924375,0.771015166666667,300,61,1,converged,3.82064562566716e-07,4.74249214196392e-07,1.58083071398797e-10,6671.8566607784,3.5527136788005e-15,1083000,6498000,17619860.1973181,817384,168000,17100000,2379000,36000,19515000,858660000
Disconnected,3200,6,1,20702923,6,15,9600,19200,4,0.01739525,7.33545079166667,6.05045874999999,1.27997583333333,460,93,1,converged,3.67116907552356e-07,6.10730015656756e-07,1.90853129892736e-10,7096.8865679191,3.5527136788005e-15,1769600,10617600,28715254.0815808,871784,179200,27968000,3868800,38400,31875200,1402508800
Disconnected,3400,6,1,20704923,6,16,10200,20400,4,0.0181999583333333,4.851227375,4.01035291666667,0.837415791666667,275,56,1,converged,6.95108794826005e-07,1.97207257638427e-06,5.80021345995374e-10,7607.71549286419,3.5527136788005e-15,1125400,6752400,18284018.8820277,926184,190400,17765000,2475200,40800,20281000,892364000
Disconnected,3600,6,1,20706923,6,16,10800,21600,4,0.0195617083333333,3.244431625,2.679915625,0.5621865,180,37,1,converged,9.33560023401961e-07,3.35853716263792e-06,9.32926989621643e-10,8038.09492604069,3.5527136788005e-15,781200,4687200,12688317.7525003,980584,201600,12312000,1731600,43200,14086800,619819200
Disconnected,3800,6,1,20708923,6,16,11400,22800,4,0.0240267083333333,2.54659541666667,2.08401383333333,0.460725541666667,125,26,1,converged,6.03989897241086e-07,2.56581866810087e-06,6.75215438973914e-10,8520.60385428445,3.5527136788005e-15,573800,3442800,9331096.73406154,1034984,212800,9025000,1284400,45600,10355000,455620000
Disconnected,4000,6,1,20710923,6,16,12000,24000,4,0.024406125,6.167043125,5.09864191666667,1.06139295833333,310,63,1,converged,8.37210819229646e-07,3.22995153310878e-06,8.07487883277196e-10,8854.48250074964,3.5527136788005e-15,1492000,8952000,24239060.3713014,1089384,224000,23560000,3276000,48000,26884000,1182896000
Disconnected,4200,6,1,20712923,6,15,12600,25200,4,0.0232755,4.46201566666667,3.696274375,0.76291325,215,44,1,converged,6.57877949092702e-07,1.98764622272815e-06,4.73249100649559e-10,9368.94800737357,3.5527136788005e-15,1087800,6526800,17711995.5034112,1143784,235200,17157000,2402400,50400,19609800,862831200
Disconnected,4400,6,1,20714923,6,16,13200,26400,4,0.0231987916666667,8.62076829166667,7.12833920833334,1.48751808333333,395,80,1,converged,3.52460174289854e-07,8.39846346601677e-07,1.90874169682199e-10,9825.05760168556,3.5527136788005e-15,2090000,12540000,33831505.8190284,1198184,246400,33022000,4576000,52800,37650800,1656635200
Disconnected,4600,6,1,20716923,6,14,13800,27600,4,0.0240370833333333,9.4098435,7.78929841666667,1.614988375,430,87,1,converged,1.92329278962482e-07,1.98762974525979e-07,4.32093422882564e-11,10286.7742262743,3.5527136788005e-15,2378200,14269200,38654238.5119034,1252584,257600,37582000,5202600,55200,42839800,1884951200
Disconnected,4800,6,1,20718923,6,16,14400,28800,4,0.027599875,4.720551625,3.8959775,0.821888166666667,205,42,1,converged,5.35607551887382e-07,1.56988211055338e-06,3.27058773031955e-10,10731.0763733935,3.5527136788005e-15,1185600,7113600,19258794.2718043,1306984,268800,18696000,2620800,57600,21374400,940473600
Disconnected,5000,6,1,20720923,6,15,15000,30000,4,0.0252084166666667,4.4391435,3.67208845833333,0.764360625,180,37,1,converged,7.15587426183308e-07,2.76492952565192e-06,5.52985905130385e-10,11181.6906730726,3.5527136788005e-15,1085000,6510000,17684898.2158977,1361384,280000,17100000,2405000,60000,19565000,860860000
Disconnected,5200,6,1,20722923,6,16,15600,31200,4,0.0324137916666667,7.273522125,6.019443,1.24947179166667,270,55,1,converged,3.36351391922915e-07,1.06231356103177e-06,2.04291069429186e-10,11549.318331759,3.5527136788005e-15,1690000,10140000,27393328.1397169,1415784,291200,26676000,3718000,62400,30456400,1340081600
Disconnected,5400,6,1,20724923,6,16,16200,32400,4,0.03031625,9.77550883333333,8.08810783333333,1.68216858333333,380,77,1,converged,5.72095129387556e-07,5.80206894180824e-07,1.07445721144597e-10,12020.9614115396,3.5527136788005e-15,2467800,14806800,40047917.2682996,1470184,302400,38988000,5405400,64800,44458200,1956160800
Disconnected,5600,6,1,20726923,6,16,16800,33600,4,0.0320335,4.50075116666667,3.73370995833333,0.7645565,160,33,1,converged,9.41368251287716e-07,5.05448878127436e-06,9.02587282370422e-10,12477.2180654052,3.5527136788005e-15,1080800,6484800,17536860.87654,1524584,313600,17024000,2402400,67200,19493600,857718400
Disconnected,5800,6,1,20728923,6,18,17400,34800,4,0.0292939166666667,6.85875629166667,5.6798305,1.17543358333333,240,49,1,converged,9.69914310204123e-07,3.24085699945616e-06,5.58768448182096e-10,12944.2793148634,3.5527136788005e-15,1676200,10057200,27247479.994572,1578984,324800,26448000,3694600,69600,30212200,1329336800
Disconnected,6000,6,1,20730923,6,16,18000,36000,4,0.029351375,6.16441604166667,5.09824658333333,1.0629835,215,44,1,converged,8.74633599093214e-07,3.02811997530211e-06,5.04686662550351e-10,13399.8254877378,3.5527136788005e-15,1554000,9324000,25280832.9196318,1633384,336000,24510000,3432000,72000,28014000,1232616000
Disconnected,6200,6,1,20732923,6,17,18600,37200,4,0.0313739583333333,7.25970166666667,6.00046366666666,1.25538883333333,240,49,1,converged,8.73668445007655e-07,2.53634816664187e-06,4.09088413974495e-10,13790.365142041,3.5527136788005e-15,1791800,10750800,29113590.9202209,1687784,347200,28272000,3949400,74400,32295800,1421015200
Disconnected,6400,6,1,20734923,6,17,19200,38400,4,0.0328165,8.335906875,6.89923708333333,1.43114295833333,275,56,1,converged,4.92171567953799e-07,2.61210726937236e-06,4.08141760839432e-10,14181.6718395086,3.5527136788005e-15,2118400,12710400,34418228.6585306,1742184,358400,33440000,4659200,76800,38176000,1679744000
Disconnected,6600,6,1,20736923,6,15,19800,39600,4,0.0411761666666667,12.2742307916667,10.1649647916667,2.102584125,355,72,1,converged,2.65499589182034e-07,3.39927342982128e-07,5.150414287608e-11,14865.1434406055,3.5527136788005e-15,2818200,16909200,45664646.0954076,1796584,369600,44517000,6177600,79200,50773800,2234047200
Disconnected,6800,6,1,20738923,6,15,20400,40800,4,0.0352965,6.39377079166667,5.26642129166667,1.12342304166667,185,38,1,converged,7.40645345165703e-07,4.57827463418898e-06,6.7327568149838e-10,15314.5900244611,3.5527136788005e-15,1516400,9098400,24596576.3984337,1850984,380800,23902000,3359200,81600,27342800,1203083200
Disconnected,7000,6,1,20740923,6,15,21000,42000,4,0.035595875,8.55531170833333,7.06544791666667,1.485801,245,50,1,converged,7.07913434866772e-07,7.04038227622405e-06,1.00576889660344e-09,15577.5921835115,3.5527136788005e-15,2065000,12390000,33477156.1245026,1905384,392000,32585000,4550000,84000,37219000,1637636000
Disconnected,7200,6,1,20742923,6,15,21600,43200,4,0.037078,10.18206375,8.42656587499999,1.75053075,285,58,1,converged,8.84903588628441e-07,2.48689064735672e-06,3.45401478799544e-10,16169.4882537253,3.5527136788005e-15,2469600,14817600,40129925.2441234,1959784,403200,38988000,5428800,86400,44503200,1958140800
Disconnected,7400,6,1,20744923,6,15,22200,44400,4,0.0395594583333333,7.351498875,6.07774408333334,1.26979883333333,200,41,1,converged,7.65079466473126e-07,1.92395484010199e-06,2.5999389731108e-10,16600.4334834702,3.5527136788005e-15,1783400,10700400,28978749.6458826,2014184,414400,28120000,3944200,88800,32153000,1414732000
Disconnected,7600,6,1,20746923,6,16,22800,45600,4,0.0390022916666667,11.17491175,9.24500400000001,1.92457133333333,285,58,1,converged,6.27153936039594e-07,4.03260552238795e-06,5.30605989787888e-10,16902.8259820424,3.5527136788005e-15,2606800,15640800,42356519.262322,2068584,425600,41154000,5730400,91200,46975600,2066926400
Disconnected,7800,6,1,20748923,6,16,23400,46800,4,0.04061275,15.56519525,12.8797125833333,2.67790304166667,410,83,1,converged,7.92223414323827e-07,2.39006218628773e-06,3.06418229011248e-10,17422.5146136214,3.5527136788005e-15,3845400,23072400,62429459.4586789,2122984,436800,60762000,8416200,93600,69271800,3047959200
Disconnected,8000,6,1,20750923,6,16,24000,48000,4,0.04199425,5.66801145833333,4.686638,0.978633125,145,30,1,converged,5.69739322796845e-07,3.50775313274436e-06,4.38469141593045e-10,17799.2337994016,3.5527136788005e-15,1400000,8400000,22710651.6022872,2177384,448000,22040000,3120000,96000,25256000,1111264000
Disconnected,8200,6,1,20752923,6,16,24600,49200,4,0.0433189583333333,13.4059272916667,11.0380635,2.36185604166667,320,65,1,converged,1.26286352090835e-07,3.84105080060165e-07,4.68420829341665e-11,18327.6173941172,3.5527136788005e-15,3157000,18942000,51305335.3333667,2231784,459200,49856000,6929000,98400,56883400,2502869600
Disconnected,8400,6,1,20754923,6,15,25200,50400,4,0.0469525416666667,13.5185339166667,11.1392205416667,2.372944,290,59,1,converged,7.28327739485781e-07,3.25000924116223e-06,3.86905862043122e-10,18762.4600298782,3.5527136788005e-15,2931600,17589600,47568058.2700273,2286184,470400,46284000,6442800,100800,52827600,2324414400
Disconnected,8600,6,1,20756923,6,16,25800,51600,4,0.0623005833333333,14.62725525,12.1426079166667,2.477759875,305,62,1,converged,7.78603740550282e-07,3.47422577823979e-06,4.0397974165579e-10,19292.5699958113,3.5527136788005e-15,3156200,18937200,51165268.4253878,2340584,481600,49837000,6931600,103200,56871800,2502359200
Disconnected,8800,6,1,20758923,6,17,26400,52800,4,0.0478838333333333,15.3032590416667,12.6654091666667,2.630609125,340,69,1,converged,7.20841018466518e-07,3.32658631283288e-06,3.78021171912827e-10,19686.8132960518,3.5527136788005e-15,3599200,21595200,58466033.9255724,2394984,492800,56848000,7893600,105600,64847200,2853276800
Disconnected,9000,6,1,20760923,6,16,27000,54000,4,0.050336,9.529326375,7.84705558333334,1.67804279166667,205,42,1,converged,7.74352094084726e-07,7.10672755246929e-06,7.8963639471881e-10,20197.5957536301,3.5527136788005e-15,2223000,13338000,36099574.7718645,2449384,504000,35055000,4914000,108000,40077000,1763388000
Disconnected,9200,6,1,20762923,6,16,27600,55200,4,0.05119275,17.5910819583333,14.545238375,3.03816154166667,365,74,1,converged,2.79449212185901e-07,1.00485866348701e-06,1.09223767770327e-10,20581.2727129241,3.5527136788005e-15,4038800,24232800,65565493.6588487,2503784,515200,63802000,8850400,110400,72762800,3201563200
Disconnected,9400,6,1,20764923,6,15,28200,56400,4,0.0590998333333333,14.247455125,11.80446525,2.43680304166667,270,55,1,converged,7.70668755630498e-07,5.35003865098761e-06,5.69153047977405e-10,20938.6758082058,3.5527136788005e-15,3055000,18330000,49584702.8198649,2558184,526400,48222000,6721000,112800,55055800,2422455200
Disconnected,9600,6,1,20766923,6,16,28800,57600,4,0.0614666666666667,13.8885515833333,11.487703875,2.395065625,255,52,1,converged,5.71406376603692e-07,3.15975767134276e-06,3.29141424098204e-10,21333.7690839537,3.5527136788005e-15,2947200,17683200,47905912.3351493,2612584,537600,46512000,6489600,115200,53116800,2337139200
Disconnected,9800,6,1,20768923,6,15,29400,58800,4,0.0590262083333333,15.3286160833333,12.6733493333333,2.64899816666667,290,59,1,converged,8.29388350718054e-07,3.90748953122215e-06,3.98723421553281e-10,21814.7035355089,3.5527136788005e-15,3420200,20521200,55512441.5202733,2666984,548800,53998000,7516600,117600,61632200,2711816800
Disconnected,10000,6,1,20770923,6,16,30000,60000,4,0.05660075,18.9440364583333,15.63462825,3.30147683333333,355,72,1,converged,7.54465957350124e-07,2.6064989027526e-06,2.6064989027526e-10,22202.572065032,3.5527136788005e-15,4270000,25620000,69332105.9815921,2721384,560000,67450000,9360000,120000,76930000,3384920000
