Network,PT,PC,NormalMean,NormalSD,CompromisedMean,CompromisedSD,Repetitions
Random,0.3,0.05,0.34725743644228,0.296685387065647,0.134900494184376,0.195259700400544,1000
Random,0.3,0.1,0.701368135401375,0.303458950161895,0.34303761979251,0.236556410229129,1000
Random,0.3,0.15,0.888815256259807,0.184372318054609,0.466113604712119,0.192929383854793,1000
Random,0.3,0.2,0.959371644033699,0.0613445313152349,0.535489967616353,0.124803362366441,1000
Random,0.3,0.25,0.948131991200075,0.0239861507977104,0.552983753340644,0.104068261468583,1000
Random,0.3,0.3,0.912521156713071,0.0315218429556321,0.555888715354937,0.0962119253768304,1000
Random,0.3,0.35,0.866385600614918,0.0384722990835157,0.553847912481374,0.0921854920716795,1000
Random,0.3,0.4,0.814507235025305,0.0450249245787771,0.553097468702587,0.086195226464796,1000
Random,0.3,0.45,0.751697206245564,0.0537281991168858,0.556285003677227,0.0826457471826094,1000
Random,0.3,0.5,0.703584867808987,0.0627192539801052,0.556696710297179,0.0802361049939644,1000
Random,0.3,0.55,0.632295696101091,0.0715334528510708,0.558885359352713,0.0749484975478237,1000
Random,0.3,0.6,0.564029832771513,0.0799852144199374,0.565882809003433,0.072618692741281,1000
Random,0.3,0.65,0.503460188049085,0.084730552709234,0.568014816557516,0.0727636630010574,1000
Random,0.3,0.7,0.434230608174073,0.0888145948050606,0.578636037637587,0.0723930919607201,1000
Random,0.3,0.75,0.387967048110063,0.0914034247298237,0.57636133419514,0.0661244236035189,1000
Random,0.3,0.8,0.343591541047514,0.0905290730876023,0.587078097387509,0.0669535602504233,1000
Random,0.3,0.85,0.306350887268175,0.0884202758620054,0.592730805733579,0.064842886872039,1000
Random,0.3,0.9,0.290107526190774,0.0961661894096099,0.59797695255726,0.0700841686266156,1000
Random,0.3,0.95,0.255482061659462,0.106724821814411,0.607865498394092,0.070691951416829,1000
Random,0.5,0.05,0.348609190529995,0.296286767697245,0.101773266571197,0.133422203595428,1000
Random,0.5,0.1,0.686655201965201,0.302020066676639,0.229974316440852,0.150435391591437,1000
Random,0.5,0.15,0.904674947186583,0.175103239153757,0.334346041361848,0.118556425179008,1000
Random,0.5,0.2,0.964172513303546,0.0622272274340202,0.378174326847574,0.0884209824516856,1000
Random,0.5,0.25,0.957393334656706,0.0247702540673084,0.39436478390282,0.0739696608799184,1000
Random,0.5,0.3,0.932140130508497,0.0280909050477941,0.405166934453177,0.0680447124978368,1000
Random,0.5,0.35,0.896403250744241,0.0363440007431299,0.418296223413656,0.0598755835350759,1000
Random,0.5,0.4,0.854535772699264,0.0437590219406966,0.428554977266306,0.0569451586961648,1000
Random,0.5,0.45,0.807031154626671,0.0564992215943586,0.437362027032042,0.0541824063586894,1000
Random,0.5,0.5,0.767569685690913,0.06683420801033,0.447176140230156,0.0534392669423568,1000
Random,0.5,0.55,0.718930326677655,0.0728475531306023,0.455088886866499,0.046345113023945,1000
Random,0.5,0.6,0.666696015583514,0.0926372377576185,0.463833449696322,0.0438365895193974,1000
Random,0.5,0.65,0.620059125637871,0.101656392419472,0.472764959977436,0.0413310741949441,1000
Random,0.5,0.7,0.572214165234687,0.116638066818591,0.482793142029172,0.0393623176419395,1000
Random,0.5,0.75,0.537567212257174,0.119121942404227,0.491850662077166,0.0392690049558681,1000
Random,0.5,0.8,0.506917465498953,0.117696384880691,0.498923266779904,0.0368482464439961,1000
Random,0.5,0.85,0.494645151722999,0.133869853475397,0.506663273493252,0.0377683966363893,1000
Random,0.5,0.9,0.495373245750964,0.13591836465566,0.509284580731137,0.0352067754431233,1000
Random,0.5,0.95,0.477314502531014,0.148403294603511,0.519461853031251,0.0360607177507598,1000
Random,0.7,0.05,0.344561213229759,0.292993378018676,0.0779066773891124,0.0880031754632548,1000
Random,0.7,0.1,0.689183362639136,0.301211906376335,0.175455145996475,0.0967020102291447,1000
Random,0.7,0.15,0.897831386946652,0.18522257856385,0.249423621875084,0.0760631820641401,1000
Random,0.7,0.2,0.973822863303564,0.0561888200238681,0.295647833557585,0.0529146536574287,1000
Random,0.7,0.25,0.970264536504683,0.0258393005993141,0.315005242314268,0.0469676931930421,1000
Random,0.7,0.3,0.955299440760523,0.0212517885218068,0.33234049636925,0.039158487880202,1000
Random,0.7,0.35,0.934432185532573,0.0281285945699434,0.349433002773621,0.0349014088140382,1000
Random,0.7,0.4,0.907315244458673,0.0379027919673055,0.365608095161983,0.0326452826476818,1000
Random,0.7,0.45,0.8814376082468,0.0498418212772685,0.380334586809767,0.0324707675008842,1000
Random,0.7,0.5,0.858438779131714,0.058003769102221,0.39095940286371,0.0301445176248289,1000
Random,0.7,0.55,0.825618836876117,0.0731278986917589,0.404371282910506,0.0277832961891341,1000
Random,0.7,0.6,0.802670517480081,0.0775149352735476,0.414991374893817,0.0257159543121464,1000
Random,0.7,0.65,0.781748019348714,0.0852429955230854,0.424639789144683,0.0234981947788622,1000
Random,0.7,0.7,0.753029263151168,0.100150078111156,0.436919704642051,0.0228819568523997,1000
Random,0.7,0.75,0.734008774057037,0.105213929959742,0.447116623502565,0.023059735764855,1000
Random,0.7,0.8,0.722805267396516,0.110971010610398,0.456130305267334,0.0222753095684289,1000
Random,0.7,0.85,0.718553042933063,0.123861458434003,0.464512973950239,0.0222315331515926,1000
Random,0.7,0.9,0.713173033531704,0.116966770191546,0.471078779195685,0.0215217019791132,1000
Random,0.7,0.95,0.728673248326607,0.120048042542905,0.477882964492785,0.0216982043930927,1000
Random,0.9,0.05,0.328146488402005,0.278890815063558,0.0642963378179962,0.0668535687674739,1000
Random,0.9,0.1,0.653071902621594,0.303353451767579,0.142921835007672,0.0716315886367103,1000
Random,0.9,0.15,0.863371778728495,0.209982572699913,0.199159374067906,0.0560348563369277,1000
Random,0.9,0.2,0.940273154907647,0.127010493707294,0.236981127761151,0.0438906653928722,1000
Random,0.9,0.25,0.955077115430194,0.0869161792986935,0.263855722283281,0.036088667245235,1000
Random,0.9,0.3,0.95199807720257,0.0722737092252303,0.286053946049821,0.0326632831180022,1000
Random,0.9,0.35,0.954549903918885,0.0480178489041469,0.309812579376691,0.0274289785531129,1000
Random,0.9,0.4,0.947676810057528,0.0364879731344475,0.326336152640279,0.0256159278983775,1000
Random,0.9,0.45,0.943433450971959,0.0311141970171655,0.341068837949625,0.0249412896005129,1000
Random,0.9,0.5,0.938932486748457,0.029441664804206,0.354712457320457,0.0226172293999864,1000
Random,0.9,0.55,0.930183828078797,0.0340796657691611,0.369761308694102,0.0211499295764784,1000
Random,0.9,0.6,0.923624407775555,0.038295111929947,0.383591540963369,0.0194835879775808,1000
Random,0.9,0.65,0.916897182447247,0.0469303229948269,0.394796871574814,0.0191832984384422,1000
Random,0.9,0.7,0.914924361680083,0.0499308905908109,0.407346492812476,0.017757450244748,1000
Random,0.9,0.75,0.913072766529521,0.0526853680685803,0.416999139667901,0.016683040685442,1000
Random,0.9,0.8,0.908382514519825,0.0573320113058879,0.426976148701757,0.0164651748949701,1000
Random,0.9,0.85,0.910901382145031,0.0588643962840016,0.434557680179695,0.0158305366938071,1000
Random,0.9,0.9,0.911149841458132,0.0587640511837907,0.442665624815423,0.0152364152786238,1000
Random,0.9,0.95,0.916728286178824,0.0596854504553054,0.450770838503552,0.0150842352763769,1000
