Network,PT,PC,BinLeft,BinRight,NormalPercent,CompromisedPercent,RightEndpointIncluded
Random,0.3,0.5,0,0.2,17.6136962864877,22.4453125952787,0
Random,0.3,0.5,0.2,0.4,14.9485764283566,15.1230339568029,0
Random,0.3,0.5,0.4,0.6,5.44546913999789,7.15519799665839,0
Random,0.3,0.5,0.6,0.8,1.47688966489721,17.9816983686262,0
Random,0.3,0.5,0.8,1,60.5153684802606,37.2947570826338,1
Random,0.5,0.5,0,0.2,9.29286143896019,39.6069996828675,0
Random,0.5,0.5,0.2,0.4,9.72754895604696,7.65102417525228,0
Random,0.5,0.5,0.4,0.6,9.76504221897628,11.4293729721818,0
Random,0.5,0.5,0.6,0.8,9.26747537551846,12.9792562836953,0
Random,0.5,0.5,0.8,1,61.9470720104981,28.3333468860031,1
Random,0.7,0.5,0,0.2,3.20338718489035,45.122080247416,0
Random,0.7,0.5,0.2,0.4,3.72590337938032,7.377716285505,0
Random,0.7,0.5,0.4,0.6,4.92468586591743,13.5606738829657,0
Random,0.7,0.5,0.6,0.8,13.7703894482167,12.8229022544152,0
Random,0.7,0.5,0.8,1,74.3756341215953,21.1166273296981,1
Random,0.9,0.5,0,0.2,2.61821848581847,46.5602769167015,0
Random,0.9,0.5,0.2,0.4,0.305243862878672,10.4424735616867,0
Random,0.9,0.5,0.4,0.6,0.350971816728614,13.6739809619768,0
Random,0.9,0.5,0.6,0.8,2.20705773838139,14.3329582065418,0
Random,0.9,0.5,0.8,1,94.5185080961929,14.9903103530932,1
