Network,Trial,LA_GURA,LA_GRA,LA_RRA,Delta_GURA,Delta_GRA,Delta_RRA
Random,1,126.739346662286,126.73439897407,137.764888579805,0,-0.00494768821619118,11.0255419175188
Random,2,103.717522910274,103.720590498402,106.148974275906,0,0.00306758812797625,2.4314513656325
Random,3,115.466894910812,115.465510273596,122.066776718233,0,-0.00138463721557969,6.59988180742114
Random,4,117.209654510959,117.209918322088,127.372096799718,0,0.000263811128661473,10.1624422887591
Random,5,122.512595845423,122.508959229949,144.864979188698,0,-0.00363661547447691,22.3523833432746
Random,6,114.280649724585,114.277997125887,123.668961455858,0,-0.00265259869755141,9.3883117312733
Random,7,117.698039683104,117.697913988666,123.280255765154,0,-0.000125694437684842,5.58221608204998
Random,8,117.72185199674,117.721515128561,129.882863610408,0,-0.000336868178891336,12.1610116136683
Random,9,108.668788557151,108.665210915074,99.1663189079288,0,-0.00357764207673483,-9.50246964922243
Random,10,117.312876641889,117.311857915371,120.100902427255,0,-0.00101872651707424,2.78802578536657
Random,11,128.598141902476,128.598860159442,136.910500950909,0,0.00071825696559813,8.31235904843302
Random,12,126.018144698521,126.016900757691,151.158111779595,0,-0.00124394083046298,25.1399670810738
Random,13,115.375283422386,115.372146912883,124.435133163397,0,-0.00313650950216982,9.05984974101183
Random,14,112.323468130497,112.323644279415,109.260940730985,0,0.000176148918811236,-3.06252739951111
Random,15,124.781264044564,124.780576259269,129.309469513528,0,-0.000687785295212962,4.52820546896373
Random,16,109.769444450793,109.766316439598,109.588380638387,0,-0.00312801119538619,-0.181063812405839
Random,17,119.669083169155,119.680537143383,127.745140942711,0,0.0114539742283171,8.07605777355667
Random,18,105.220810735352,105.223074084563,101.454699747272,0,0.00226334921057969,-3.76611098808038
Random,19,112.380713990565,112.374004513127,150.145207346808,0,-0.00670947743770967,37.7644933562436
Random,20,100.522958513984,100.519146987338,96.3135002207909,0,-0.00381152664579076,-4.20945829319268
Random,21,152.43892354568,152.436271935941,189.710027925984,0,-0.00265160973904699,37.2711043803042
Random,22,113.098411842923,113.091765645935,122.114765087829,0,-0.00664619698797253,9.01635324490547
Random,23,111.892550231835,111.902788867472,109.620890948594,0,0.0102386356373785,-2.27165928324065
Random,24,122.853396458646,122.854665960078,128.321975787759,0,0.00126950143187798,5.46857932911229
Random,25,135.120350782879,135.119219314379,157.142033233996,0,-0.00113146850020485,22.0216824511165
Random,26,117.986681259438,117.984582863314,129.986659267809,0,-0.00209839612384144,11.9999780083703
Random,27,141.371244385388,141.366267834227,177.692438589531,0,-0.00497655116080864,36.3211942041427
Random,28,112.278714193172,112.278551665317,112.43419649513,0,-0.00016252785538029,0.155482301957989
Random,29,140.534145257005,140.527294992539,160.803378749224,0,-0.00685026446646475,20.2692334922186
Random,30,121.105576527566,121.101870513168,119.94073891861,0,-0.00370601439786356,-1.16483760895558
Random,31,108.003219614503,108.002943995493,111.692389117399,0,-0.000275619009542538,3.68916950289596
Random,32,122.218718847884,122.214849957132,140.103241478703,0,-0.00386889075184627,17.8845226308193
Random,33,102.415930533642,102.428083336799,96.1058858034713,0,0.0121528031566811,-6.31004473017076
Random,34,133.117463411847,133.112121252267,165.259029694244,0,-0.00534215957998185,32.1415662823967
Random,35,114.757415309228,114.753268224635,130.714062701611,0,-0.00414708459292967,15.9566473923834
Random,36,107.102486941504,107.107483045443,97.3792293335464,0,0.00499610393883643,-9.72325760795798
Random,37,124.936006537711,124.934154283091,147.135765017723,0,-0.00185225461990512,22.199758480012
Random,38,112.049392454467,112.046794495222,124.931874771296,0,-0.00259795924536377,12.8824823168292
Random,39,106.014927139374,106.008035515725,99.6933844324437,0,-0.00689162364859897,-6.32154270693033
Random,40,115.991278517211,115.985159458828,122.223986194559,0,-0.00611905838286475,6.2327076773478
Random,41,133.305043704037,133.305852591765,149.621711722633,0,0.000808887727515639,16.3166680185962
Random,42,102.150994685817,102.152492492305,91.0988923673428,0,0.00149780648825981,-11.0521023184744
Random,43,126.280618748314,126.284839871304,136.679621353826,0,0.00422112299021649,10.3990026055116
Random,44,128.355335043342,128.352224302372,162.92502052561,0,-0.00311074097072606,34.5696854822681
Random,45,123.898780647968,123.914627620223,128.597560895225,0,0.0158469722551473,4.69878024725693
Random,46,136.533775451667,136.536183781455,152.539874498137,0,0.00240832978809635,16.0060990464703
Random,47,123.091383874606,123.090666713894,144.567452547666,0,-0.000717160711658948,21.4760686730601
Random,48,120.202760219378,120.202793581315,129.883085396792,0,3.33619377386185e-05,9.68032517741447
Random,49,124.273448458318,124.2749928077,141.638081820996,0,0.001544349381291,17.364633362678
Random,50,111.949274135442,111.953488742361,110.41138730377,0,0.00421460691919151,-1.5378868316721
Random,51,124.659775735475,124.65520827436,159.187391833549,0,-0.00456746111521511,34.5276160980747
Random,52,122.188427946426,122.184851075969,133.376435531859,0,-0.0035768704573087,11.188007585433
Random,53,137.656386547463,137.668555140979,155.731111667222,0,0.0121685935157245,18.074725119759
Random,54,123.697137698724,123.697635320292,130.42499664908,0,0.000497621568300133,6.7278589503555
Random,55,110.954919660777,110.94926621193,124.90095280918,0,-0.00565344884671504,13.9460331484028
Random,56,105.318987045656,105.338218816121,102.324774611245,0,0.0192317704656659,-2.99421243441063
Random,57,114.346692268896,114.344967863851,132.995683632425,0,-0.00172440504461235,18.6489913635296
Random,58,99.6863923853425,99.6984849436852,85.0654629679409,0,0.0120925583427436,-14.6209294174016
Random,59,109.032827079808,109.038275728239,110.672312027056,0,0.00544864843088533,1.6394849472472
Random,60,103.877574607354,103.872577036536,102.356732895059,0,-0.00499757081824725,-1.52084171229505
Random,61,130.870385179776,130.863400697986,157.471169720592,0,-0.00698448179016964,26.6007845408158
Random,62,119.136397191939,119.137777472583,153.470077774174,0,0.00138028064476714,34.3336805822352
Random,63,109.013387997488,109.015295659017,104.881535643822,0,0.00190766152900324,-4.13185235366551
Random,64,109.770803866793,109.767886037188,107.563895617024,0,-0.00291782960532316,-2.20690824976943
Random,65,114.800828450424,114.815788654765,123.242078675378,0,0.01496020434125,8.44125022495331
Random,66,112.534066205929,112.539098314124,119.522547366709,0,0.00503210819525179,6.9884811607804
Random,67,118.680999910218,118.689631106093,124.09387261571,0,0.00863119587472738,5.41287270549192
Random,68,119.073857469434,119.070103856792,134.850664352372,0,-0.00375361264208607,15.7768068829387
Random,69,112.217198980149,112.211857870493,119.810349963858,0,-0.00534110965661228,7.59315098370895
Random,70,105.474647677974,105.474814838642,101.384747246586,0,0.000167160667828625,-4.08990043138806
Random,71,118.940401041322,118.939980689074,131.172500855012,0,-0.000420352247886058,12.2320998136903
Random,72,126.591608433597,126.59126380136,133.63613689742,0,-0.000344632236704001,7.04452846382392
Random,73,120.39768286482,120.397379498485,144.559520092132,0,-0.000303366335401734,24.1618372273114
Random,74,124.918248952433,124.930252078604,137.848238925474,0,0.0120031261713081,12.9299899730413
Random,75,134.925275530975,134.920747532444,152.789295776765,0,-0.00452799853115948,17.8640202457898
Random,76,121.624941765329,121.619348538675,145.838471811326,0,-0.00559322665405659,24.2135300459974
Random,77,123.178922820918,123.18114509273,127.015761469659,0,0.002222271811263,3.8368386487406
Random,78,118.070466576572,118.069544422753,152.299026833607,0,-0.000922153818848415,34.2285602570352
Random,79,116.234677248347,116.230615138622,126.799677570862,0,-0.00406210972451504,10.5650003225149
Random,80,113.982353635508,113.991142873642,133.884648376808,0,0.00878923813338872,19.9022947412993
Random,81,125.056864866875,125.057934519219,134.976154421935,0,0.00106965234439826,9.91928955506025
Random,82,126.584084302995,126.583296711614,145.5436475215,0,-0.000787591380913,18.959563218505
Random,83,106.092902121018,106.093594771043,99.2956782239374,0,0.000692650025115427,-6.79722389708027
Random,84,122.215833338925,122.213434964587,125.550358281335,0,-0.00239837433794321,3.33452494241025
Random,85,118.83877214486,118.83661697597,117.073173973574,0,-0.00215516888984268,-1.76559817128624
Random,86,131.885070923409,131.897330158188,144.324152132685,0,0.0122592347794921,12.4390812092762
Random,87,103.183678231631,103.185002039983,114.236536917925,0,0.00132380835223955,11.0528586862944
Random,88,122.129739116988,122.124252987654,208.619685263049,0,-0.0054861293340025,86.4899461460607
Random,89,125.448935433623,125.4595535558,142.63112489221,0,0.0106181221766661,17.182189458587
Random,90,115.017772619102,115.022119821605,119.066542868507,0,0.00434720250294163,4.04877024940552
Random,91,113.465925908772,113.464878859545,134.708685408809,0,-0.00104704922748056,21.242759500037
Random,92,139.415236275714,139.413255294734,166.890291623139,0,-0.0019809809801643,27.4750553474251
Random,93,116.048568938512,116.048673833168,133.183837075439,0,0.000104894655635235,17.1352681369272
Random,94,115.00551334179,115.003866358202,116.120450109826,0,-0.00164698358811677,1.11493676803597
Random,95,112.350572988826,112.355894336416,119.296834828087,0,0.00532134758972802,6.94626183926066
Random,96,109.019366116443,109.014411905042,105.357819158263,0,-0.00495421140026053,-3.66154695817953
Random,97,123.042284388387,123.046806712334,129.828975860277,0,0.00452232394702889,6.78669147188968
Random,98,109.95850247331,109.957403311544,113.882725547221,0,-0.00109916176671732,3.92422307391062
Random,99,106.284880507312,106.287312722837,101.276823759358,0,0.0024322155241947,-5.00805674795434
Random,100,109.790468295154,109.787380208821,95.4114952189185,0,-0.00308808633214142,-14.3789730762351
Random,101,111.288564964355,111.287017012757,104.491076493148,0,-0.00154795159841115,-6.79748847120663
Random,102,117.227826269571,117.226399100918,125.575931749306,0,-0.00142716865320835,8.34810547973449
Random,103,128.592255190371,128.59092634423,138.079203520344,0,-0.00132884614063755,9.48694832997347
Random,104,128.018458022356,128.019185211839,142.734797597499,0,0.00072718948314332,14.7163395751435
Random,105,124.075602536139,124.076368516131,134.812523174827,0,0.000765979992252142,10.7369206386881
Random,106,113.640504720888,113.636101608758,118.514299712815,0,-0.00440311212975075,4.87379499192703
Random,107,115.678665714853,115.675777859684,118.17468822665,0,-0.00288785516863754,2.49602251179718
Random,108,108.519129788468,108.511204993905,121.811323649173,0,-0.00792479456303852,13.2921938607055
Random,109,130.913217805995,130.926009139971,174.375334890782,0,0.012791333975315,43.4621170847863
Random,110,123.587589266827,123.58464264627,126.060216720748,0,-0.0029466205567843,2.47262745392089
Random,111,123.824819029481,123.837520227671,167.556727836284,0,0.0127011981892338,43.731908806803
Random,112,119.618930167167,119.633375416764,118.953267727374,0,0.0144452495968892,-0.665662439793309
Random,113,96.3872331117333,96.4032102965435,82.134929416216,0,0.0159771848101542,-14.2523036955173
Random,114,111.011769837704,111.011671850873,116.178455370713,0,-9.79868307098286e-05,5.1666855330095
Random,115,124.488058868489,124.48308730288,126.673802938637,0,-0.00497156560903989,2.18574407014853
Random,116,98.5508752696098,98.5563275888986,89.8781036211983,0,0.00545231928880696,-8.67277164841154
Random,117,109.190040737089,109.198653300756,103.351907924841,0,0.00861256366701468,-5.83813281224792
Random,118,109.623331447281,109.621095479082,111.980324144398,0,-0.00223596819827776,2.35699269711714
Random,119,121.931769858766,121.946364392601,129.254612044849,0,0.0145945338348383,7.32284218608328
Random,120,101.530945715802,101.531236345727,98.9227869143459,0,0.000290629924123209,-2.60815880145658
Random,121,105.887936889252,105.881881511925,92.901103551605,0,-0.00605537732685946,-12.9868333376471
Random,122,104.754442770334,104.754403055558,101.173208334292,0,-3.97147754114258e-05,-3.58123443604205
Random,123,117.427747369281,117.425019771596,125.967011482015,0,-0.00272759768520814,8.53926411273372
Random,124,132.053340743776,132.055053203373,145.297112941722,0,0.00171245959705857,13.2437721979455
Random,125,116.226698188994,116.215782516704,126.46628241841,0,-0.010915672290011,10.2395842294158
Random,126,105.932454378772,105.942648606108,99.7209094964324,0,0.0101942273359725,-6.2115448823393
Random,127,123.335567831264,123.3439791242,127.319064421978,0,0.00841129293608844,3.98349659071468
Random,128,125.545639992807,125.547087298897,129.890188571652,0,0.00144730609007127,4.34454857884523
Random,129,129.894994634581,129.897301735893,139.111973495621,0,0.00230710131148726,9.21697886103971
Random,130,121.760123112911,121.759036732066,125.224531007868,0,-0.00108638084434176,3.46440789495696
Random,131,103.892120295838,103.902496754389,99.3398308047434,0,0.0103764585508799,-4.55228949109504
Random,132,117.511417708287,117.511403580655,118.589160780256,0,-1.41276322978001e-05,1.0777430719686
Random,133,116.127325490627,116.131582303339,122.913343415504,0,0.00425681271175904,6.78601792487736
Random,134,102.627065790812,102.626004322598,103.085490014939,0,-0.00106146821347863,0.458424224127285
Random,135,120.585110140571,120.584412837149,122.624656641853,0,-0.000697303422214191,2.03954650128165
Random,136,125.008345747147,125.013653160684,151.982610850511,0,0.00530741353639996,26.9742651033639
Random,137,146.419644219759,146.418518606768,178.783181975494,0,-0.001125612991558,32.3635377557347
Random,138,114.142637681051,114.13930812823,131.739359191797,0,-0.00332955282139835,17.5967215107462
Random,139,117.66816584603,117.667547640622,118.156812185902,0,-0.000618205407818095,0.488646339871764
Random,140,129.062319430031,129.061866439789,136.669980453284,0,-0.00045299024205292,7.60766102325314
Random,141,116.368230631516,116.368293456644,118.975356824818,0,6.28251275287539e-05,2.60712619330202
Random,142,137.291095203187,137.288337642862,181.584431563043,0,-0.00275756032482377,44.2933363598555
Random,143,119.490091915188,119.490764679652,118.001589133041,0,0.00067276446412734,-1.48850278214717
Random,144,135.656315062343,135.654052994653,176.745348769216,0,-0.00226206768996917,41.0890337068722
Random,145,132.524130350281,132.525201404571,186.123504081022,0,0.00107105429003695,53.5993737307419
Random,146,118.851209844157,118.851852788684,139.22393957087,0,0.000642944527655231,20.3727297267136
Random,147,111.618601429685,111.615398869855,117.870049726481,0,-0.00320255982987305,6.25144829679653
Random,148,118.592104651377,118.593662009807,145.562983194258,0,0.00155735842912463,26.9708785428803
Random,149,121.098021406909,121.099547158395,136.373438768952,0,0.0015257514858007,15.2754173620431
Random,150,110.746018587439,110.745600645722,117.049660722342,0,-0.000417941717472559,6.30364213490213
Random,151,126.45916390075,126.458900742189,165.229777237465,0,-0.000263158561139676,38.7706133367143
Random,152,107.613866564223,107.606754726482,105.548086161883,0,-0.00711183774106416,-2.06578040233997
Random,153,123.467945846075,123.467792444341,125.248128193704,0,-0.000153401733797409,1.78018234762959
Random,154,123.763694399644,123.768880149823,176.742354305409,0,0.00518575017976275,52.9786599057652
Random,155,129.315046064668,129.315796488351,139.888363518396,0,0.000750423683427925,10.573317453728
Random,156,140.4307575946,140.431875070653,198.656988693553,0,0.00111747605285473,58.2262310989529
Random,157,115.754574406732,115.766347817405,117.848082158354,0,0.0117734106731007,2.09350775162177
Random,158,116.750296939734,116.750029557011,121.366853454372,0,-0.000267382723734499,4.61655651463762
Random,159,113.827582551098,113.841922025342,123.437739212027,0,0.0143394742444229,9.61015666092895
Random,160,137.154041212339,137.149565628524,153.26961701461,0,-0.00447558381526392,16.1155758022714
Random,161,128.867768653264,128.870203020134,144.397220565177,0,0.0024343668704887,15.5294519119135
Random,162,136.484731637475,136.484001937289,153.074878903581,0,-0.000729700185956972,16.5901472661056
Random,163,131.348149735763,131.363877075132,139.75491488318,0,0.0157273393691355,8.40676514741708
Random,164,133.696336441866,133.699892992088,164.207945217985,0,0.00355655022127621,30.5116087761187
Random,165,108.333308695466,108.34705373428,124.762599480815,0,0.0137450388138944,16.4292907853485
Random,166,115.063944085108,115.063862257709,124.475922397718,0,-8.18273990006446e-05,9.41197831261032
Random,167,110.49717682152,110.48955648785,136.090048698286,0,-0.00762033367087156,25.5928718767652
Random,168,117.329375352522,117.344722322709,112.8415171159,0,0.0153469701871813,-4.48785823662192
Random,169,124.092159153044,124.087895173029,129.336114925032,0,-0.00426398001569339,5.24395577198777
Random,170,116.233428457923,116.232040155196,111.770244492353,0,-0.00138830272790358,-4.46318396557069
Random,171,95.9648410073182,95.9660991030092,84.2110258037798,0,0.00125809569108526,-11.7538152035384
Random,172,102.848358609183,102.863702042056,87.2847246147024,0,0.015343432873351,-15.5636339944802
Random,173,126.331848337923,126.334151522109,129.92811918708,0,0.002303184186772,3.59627084915708
Random,174,108.13238191839,108.147115124208,108.509787593995,0,0.0147332058187715,0.377405675605289
Random,175,109.292997300933,109.291035697644,100.820304838055,0,-0.0019616032892884,-8.47269246287806
Random,176,120.314938014883,120.313405164906,127.105909153977,0,-0.00153284997720959,6.79097113909411
Random,177,128.178203033435,128.179680693912,144.098423721171,0,0.00147766047638243,15.9202206877355
Random,178,105.740134579361,105.743047556392,102.980467079176,0,0.00291297703155635,-2.75966750018496
Random,179,110.751158881066,110.746168068863,100.56801768924,0,-0.00499081220327469,-10.1831411918259
Random,180,97.0095094377648,97.0112127778065,83.1509140637039,0,0.00170334004174322,-13.8585953740609
Random,181,116.318528413594,116.314765585384,127.581508251868,0,-0.00376282821021334,11.2629798382743
Random,182,110.282361000919,110.291084502637,109.814503803545,0,0.00872350171879077,-0.467857197373789
Random,183,135.400332087246,135.400918888426,161.515949269943,0,0.000586801180247676,26.115617182697
Random,184,140.423968641011,140.418022014612,181.043011789107,0,-0.00594662639977628,40.6190431480958
Random,185,116.493708677733,116.499310691154,117.047753040016,0,0.00560201342089783,0.554044362282681
Random,186,121.160942882938,121.15525095002,149.489193552716,0,-0.00569193291825343,28.3282506697775
Random,187,115.112849867745,115.11711956357,133.736554470397,0,0.00426969582463244,18.6237046026526
Random,188,132.04953512589,132.046216671882,164.72084739667,0,-0.00331845400739894,32.6713122707797
Random,189,112.102521752602,112.097136584679,136.686923121039,0,-0.00538516792256871,24.5844013684372
Random,190,125.075253102953,125.075676758786,148.512559430564,0,0.000423655832065606,23.4373063276102
Random,191,107.423289068842,107.421680243459,105.38194535635,0,-0.00160882538270357,-2.04134371249128
Random,192,122.425216458639,122.423402074624,140.159353831862,0,-0.0018143840151339,17.7341373732226
Random,193,118.132745097582,118.128828739215,115.931714097945,0,-0.00391635836689375,-2.20103099963637
Random,194,100.245272644469,100.247707530153,92.3906766298013,0,0.00243488568401062,-7.85459601466775
Random,195,120.328336427337,120.327354015888,141.402478865686,0,-0.000982411448646303,21.0741424383496
Random,196,113.805166801447,113.801107802919,113.552633302006,0,-0.00405899852803771,-0.252533499440958
Random,197,111.579871071762,111.577614761481,124.031604495886,0,-0.00225631028114037,12.4517334241234
Random,198,120.334031156442,120.34297735295,115.908993089255,0,0.00894619650780726,-4.42503806718695
Random,199,108.270081355734,108.269608630604,99.8871764804798,0,-0.000472725130066465,-8.38290487525425
Random,200,107.525321189194,107.523587319166,102.39619558001,0,-0.0017338700274081,-5.1291256091837
Regular,1,108.006476998261,108.027934379676,112.948881343235,0,0.0214573814144643,4.94240434497382
Regular,2,107.477305944245,107.474367607193,120.556179369456,0,-0.00293833705217139,13.0788734252113
Regular,3,107.209685120863,107.201327676636,114.686680362584,0,-0.00835744422680307,7.4769952417214
Regular,4,104.457143468481,104.453477393148,111.121059065801,0,-0.0036660753328448,6.6639155973203
Regular,5,106.608211687075,106.603841010217,121.843540111805,0,-0.00437067685766124,15.2353284247308
Regular,6,106.425777151541,106.41859479493,98.9951102266806,0,-0.0071823566112954,-7.43066692486073
Regular,7,115.771523786663,115.763486850842,125.801938951468,0,-0.00803693582075482,10.0304151648056
Regular,8,103.255001664188,103.302832499798,102.154821713854,0,0.0478308356101707,-1.10017995033432
Regular,9,111.557982071486,111.554602058891,161.66476964775,0,-0.00338001259538601,50.1067875762636
Regular,10,110.556680451872,110.549456371225,137.16758375816,0,-0.0072240806471342,26.6109033062884
Regular,11,105.137988558919,105.133930141342,102.755464354835,0,-0.00405841757677194,-2.38252420408449
Regular,12,105.333877131866,105.325102301569,117.065558499311,0,-0.0087748302970283,11.7316813674447
Regular,13,112.836490359387,112.829298471692,126.80031268755,0,-0.00719188769454604,13.9638223281626
Regular,14,97.0790426528448,97.0735478029027,99.1653903408265,0,-0.00549484994215277,2.08634768798166
Regular,15,105.959978936123,105.973168905921,110.213728511623,0,0.0131899697976934,4.25374957549938
Regular,16,108.337467746491,108.331609219366,139.880783258024,0,-0.00585852712444535,31.5433155115329
Regular,17,101.017519989059,101.038680542684,102.779535487753,0,0.0211605536244974,1.7620154986943
Regular,18,101.305802486424,101.330388033206,94.996321098966,0,0.0245855467821201,-6.30948138745835
Regular,19,102.645538608818,102.640103535018,103.121829102336,0,-0.00543507380028529,0.476290493518547
Regular,20,122.146730444806,122.14071629413,140.731051578354,0,-0.00601415067549738,18.5843211335483
Regular,21,107.705302217922,107.70075008352,117.335537518904,0,-0.00455213440181979,9.63023530098145
Regular,22,107.48658410069,107.481683570047,101.204731207624,0,-0.00490053064322638,-6.28185289306643
Regular,23,106.670134564398,106.662144485003,113.415015540889,0,-0.00799007939507135,6.74488097649143
Regular,24,108.164779519335,108.158467910374,118.824185892167,0,-0.00631160896172389,10.659406372832
Regular,25,118.699224134972,118.690855467581,116.27970481572,0,-0.00836866739108189,-2.4195193192524
Regular,26,106.925628316901,106.918656434554,99.5579392112654,0,-0.0069718823472158,-7.36768910563575
Regular,27,102.806174337028,102.800023291167,113.859782492581,0,-0.00615104586063353,11.0536081555538
Regular,28,107.760324959717,107.751162660942,113.920379340881,0,-0.00916229877503838,6.16005438116451
Regular,29,98.4511290118687,98.4418769622264,97.6735386076494,0,-0.00925204964228499,-0.777590404219268
Regular,30,88.603481113775,88.6018274981474,84.2867008353028,0,-0.00165361562760324,-4.31678027847228
Regular,31,111.264917736001,111.261444564738,119.351643868808,0,-0.00347317126264102,8.08672613280727
Regular,32,122.013628104297,122.008503510784,144.613687774457,0,-0.00512459351260475,22.6000596701607
Regular,33,127.531687036338,127.521766591453,160.81672167787,0,-0.00992044488569377,33.2850346415318
Regular,34,112.488236975273,112.496714322172,122.607401843582,0,0.00847734689949675,10.119164868309
Regular,35,110.844892569435,110.853390701159,127.924167771741,0,0.0084981317242665,17.0792752023063
Regular,36,126.390426721415,126.382779653788,142.156451746233,0,-0.00764706762704748,15.7660250248177
Regular,37,114.735919585788,114.731380567578,137.957388279766,0,-0.00453901821009595,23.2214686939787
Regular,38,140.561605717688,140.552105124872,172.709027666167,0,-0.00950059281572635,32.1474219484789
Regular,39,111.000895724276,110.995209981677,106.873737738702,0,-0.0056857425993968,-4.12715798557446
Regular,40,108.674042821306,108.667855327829,117.008049435482,0,-0.00618749347717085,8.33400661417569
Regular,41,114.242649898725,114.23471506897,117.693762397812,0,-0.00793482975471704,3.4511124990875
Regular,42,135.685844697936,135.680936752572,165.4312532208,0,-0.00490794536432304,29.7454085228636
Regular,43,98.2720918227303,98.2661158439778,105.623726089926,0,-0.00597597875245981,7.35163426719537
Regular,44,113.124135786489,113.120153441255,131.196981677121,0,-0.00398234523454732,18.0728458906315
Regular,45,104.860668691004,104.889207231883,111.230548040973,0,0.0285385408791257,6.36987934996876
Regular,46,107.897241175763,107.908649797165,106.455754357791,0,0.0114086214019125,-1.44148681797138
Regular,47,119.317877171817,119.309603179722,142.703266029823,0,-0.00827399209534008,23.3853888580056
Regular,48,111.021510389878,111.015374582788,119.47568032603,0,-0.00613580709071471,8.45416993615147
Regular,49,100.469606208015,100.489843995969,110.951537403734,0,0.0202377879539029,10.4819311957189
Regular,50,97.0268353321765,97.0376219302822,87.2919868609521,0,0.010786598105696,-9.73484847122438
Regular,51,106.234960542811,106.22659346619,105.085271936913,0,-0.00836707662080016,-1.14968860589747
Regular,52,95.8234627913285,95.832869619223,93.8144317422808,0,0.00940682789449454,-2.00903104904766
Regular,53,100.452822878704,100.477026655,95.158315478755,0,0.0242037762956215,-5.29450739994923
Regular,54,100.419642160555,100.443394319539,111.653234760448,0,0.0237521589840384,11.2335925998933
Regular,55,120.737217083798,120.761081553879,136.949595765554,0,0.0238644700805679,16.2123786817561
Regular,56,124.259686612258,124.25533405982,167.66398366428,0,-0.0043525524383341,43.4042970520215
Regular,57,102.634835771449,102.629918847729,106.027736986753,0,-0.0049169237192217,3.3929012153046
Regular,58,123.5219480106,123.516661943092,169.876219750074,0,-0.00528606750796712,46.3542717394734
Regular,59,89.4666936515123,89.4612549679136,74.5338970035441,0,-0.0054386835987259,-14.9327966479683
Regular,60,92.1905422015305,92.2106233400001,86.7425315001491,0,0.0200811384695783,-5.44801070138134
Regular,61,122.541986068847,122.534855304772,137.441257616976,0,-0.0071307640747591,14.8992715481285
Regular,62,94.3336432621861,94.3258418069004,101.727357155441,0,-0.00780145528571552,7.39371389325535
Regular,63,96.9286168340904,96.9213775610005,102.036324397395,0,-0.00723927308992245,5.10770756330446
Regular,64,115.053110691563,115.049453933493,110.477319204422,0,-0.00365675807027799,-4.5757914871412
Regular,65,122.99468297088,122.986291007833,133.415888857042,0,-0.00839196304738721,10.4212058861616
Regular,66,123.842970711522,123.835609203345,155.38042513341,0,-0.00736150817714076,31.537454421888
Regular,67,106.40764835583,106.40145707213,107.325001439215,0,-0.00619128370063038,0.917353083384342
Regular,68,93.8647620154506,93.8604654747774,107.343992999908,0,-0.00429654067313834,13.4792309844577
Regular,69,114.696966748039,114.690321922951,145.516160414406,0,-0.00664482508848607,30.8191936663667
Regular,70,126.420229784237,126.412466818929,152.51431908401,0,-0.00776296530777643,26.0940892997735
Regular,71,112.656012427981,112.649139663786,124.975137935834,0,-0.00687276419503746,12.3191255078521
Regular,72,110.601334121424,110.596341464821,128.1850820363,0,-0.00499265660326387,17.5837479148752
Regular,73,127.349079667971,127.344105969051,156.875092709585,0,-0.00497369891994026,29.5260130416138
Regular,74,120.501079440083,120.512198981706,156.975770086503,0,0.0111195416226479,36.4746906464197
Regular,75,118.958365364907,118.953942890106,134.840276953417,0,-0.00442247480148694,15.8819115885097
Regular,76,104.561215290468,104.551620690687,111.65968652019,0,-0.00959459978128052,7.09847122972208
Regular,77,109.2395629261,109.232545658147,110.075125468061,0,-0.00701726795350055,0.835562541960897
Regular,78,102.21578867251,102.206193019232,100.072810611946,0,-0.00959565327826795,-2.14297806056418
Regular,79,108.163371406677,108.157304526686,123.048376351397,0,-0.00606687999113831,14.8850049447202
Regular,80,112.182037996438,112.175368604683,116.683581051099,0,-0.00666939175425796,4.50154305466145
Regular,81,136.815984290442,136.810959703783,169.206069155969,0,-0.00502458665940253,32.3900848655263
Regular,82,98.2669249290427,98.3142615160492,98.6040592768214,0,0.0473365870065123,0.337134347778701
Regular,83,108.384081928784,108.377481244911,116.577919385733,0,-0.00660068387263379,8.19383745694931
Regular,84,98.8841564565486,98.8794850329818,93.2961167399095,0,-0.00467142356670536,-5.58803971663907
Regular,85,94.3978521473411,94.3915329524359,92.5129800068474,0,-0.00631919490517419,-1.8848721404937
Regular,86,83.105940439969,83.1049349602481,69.4359870507236,0,-0.00100547972084541,-13.6699533892454
Regular,87,108.002754695314,107.996531356297,117.108990945517,0,-0.00622333901773686,9.10623625020298
Regular,88,112.822019230227,112.817268674885,115.627315063922,0,-0.00475055534172952,2.80529583369496
Regular,89,126.145313445056,126.140187688012,145.520122399073,0,-0.00512575704382812,19.3748089540174
Regular,90,100.491322266718,100.482970776613,101.716114723025,0,-0.00835149010517,1.22479245630682
Regular,91,106.397810986677,106.392467620316,116.678367632185,0,-0.005343366360961,10.2805566455082
Regular,92,104.880843853403,104.874341871764,106.218643823607,0,-0.00650198163859272,1.33779997020399
Regular,93,105.083643797371,105.075806084503,126.082448227514,0,-0.00783771286775448,20.9988044301429
Regular,94,110.466873531775,110.516881347062,111.856136616204,0,0.0500078152868326,1.38926308442851
Regular,95,104.812478616939,104.80733276132,111.429318653787,0,-0.0051458556196593,6.616840036848
Regular,96,98.8046793951718,98.8027157943939,115.960538994252,0,-0.00196360077798374,17.1558595990805
Regular,97,101.076714133325,101.072045870054,111.63789051326,0,-0.00466826327075864,10.5611763799346
Regular,98,119.38645373175,119.380135021127,125.249343463597,0,-0.00631871062287814,5.86288973184688
Regular,99,100.03313349927,100.056234037392,100.319982123558,0,0.0231005381215539,0.28684862428814
Regular,100,102.54160552527,102.533669111754,114.183483759468,0,-0.00793641351575047,11.641878234198
Regular,101,105.32010887616,105.31305904033,109.802592709563,0,-0.00704983582944863,4.48248383340291
Regular,102,113.040683674075,113.050738915215,125.873752178617,0,0.010055241140293,12.833068504542
Regular,103,127.9145203965,127.92442779068,155.156616260482,0,0.00990739418041642,27.2420958639823
Regular,104,106.748954355732,106.773250061236,114.377148834461,0,0.0242957055037465,7.62819447872825
Regular,105,108.89092494975,108.886895101438,123.097974407514,0,-0.00402984831201536,14.2070494577645
Regular,106,122.26938368332,122.297999732875,133.883965909556,0,0.0286160495550973,11.6145822262354
Regular,107,123.375319269418,123.369086705165,143.483813122488,0,-0.00623256425264174,20.1084938530698
Regular,108,96.0569449402493,96.0548701584542,90.9338171539973,0,-0.0020747817951019,-5.12312778625204
Regular,109,103.99234175106,103.987611231714,116.763989831588,0,-0.00473051934642399,12.7716480805276
Regular,110,110.212922093347,110.209041127398,124.699487699357,0,-0.0038809659485679,14.4865656060099
Regular,111,125.582614726935,125.590352198811,139.435409974115,0,0.00773747187538731,13.85279524718
Regular,112,121.695287696035,121.687392563623,148.287050531975,0,-0.00789513241196005,26.5917628359392
Regular,113,105.661519982553,105.681156329372,105.560962840709,0,0.0196363468183307,-0.100557141844561
Regular,114,110.924175967671,110.92123587096,113.111141600805,0,-0.00294009671152651,2.1869656331334
Regular,115,106.302626623654,106.298561457237,116.099600543403,0,-0.0040651664164244,9.7969739197496
Regular,116,118.96669746744,118.959841975188,121.275590016884,0,-0.0068554922517734,2.30889254944442
Regular,117,96.9154599192267,96.9071825530283,93.8172450856403,0,-0.0082773661984703,-3.09821483358643
Regular,118,111.450106890447,111.462286115309,107.418427006305,0,0.0121792248622512,-4.03167988414185
Regular,119,92.3951404261907,92.3885168566779,88.2426279838062,0,-0.00662356951288245,-4.15251244238458
Regular,120,115.515590926563,115.511913916751,123.280689411144,0,-0.00367700981186658,7.7650984845808
Regular,121,120.215431903579,120.207465481162,139.122628323953,0,-0.00796642241709833,18.9071964203739
Regular,122,95.0187292980633,95.0175932834234,97.3647301401869,0,-0.00113601463992552,2.34600084212359
Regular,123,123.589504258155,123.611908852345,136.995723999302,0,0.0224045941898652,13.4062197411465
Regular,124,109.072120701303,109.071165133079,112.282231311478,0,-0.000955568223901082,3.21011061017478
Regular,125,105.841009357897,105.862987026793,122.577226519131,0,0.0219776688960422,16.7362171612341
Regular,126,117.02826601671,117.063812901309,132.155528993521,0,0.0355468845999098,15.1272629768114
Regular,127,100.957021903062,100.950287562523,100.368447265568,0,-0.00673434053864241,-0.588574637493863
Regular,128,111.364941488656,111.377849612956,99.8166136668614,0,0.0129081242999973,-11.548327821795
Regular,129,96.4297388598423,96.4259991901511,84.8308302336134,0,-0.00373966969118555,-11.5989086262289
Regular,130,107.706975122646,107.701985866443,121.935785091885,0,-0.004989256203217,14.2288099692392
Regular,131,107.044402019916,107.065529491629,109.769213644964,0,0.0211274717137258,2.72481162504809
Regular,132,101.484547781376,101.47728595569,107.76113838125,0,-0.00726182568566003,6.27659059987472
Regular,133,117.47143615361,117.463543978047,142.623221588694,0,-0.0078921755631427,25.1517854350833
Regular,134,106.476473595007,106.472161064734,128.410176023795,0,-0.0043125302728555,21.9337024287882
Regular,135,115.053729594649,115.076261532543,135.641186817075,0,0.022531937893973,20.587457222426
Regular,136,97.4224679085065,97.4192248205328,101.013448156976,0,-0.00324308797367223,3.59098024846992
Regular,137,123.806869058556,123.79871328754,150.761197123376,0,-0.00815577101636222,26.9543280648197
Regular,138,117.387149705234,117.38054985986,120.128762529338,0,-0.00659984537465164,2.74161282410385
Regular,139,105.939122313173,105.932648753634,121.638284909087,0,-0.00647355953937279,15.6991625959136
Regular,140,117.254674490336,117.247522088396,162.938679694585,0,-0.00715240194013234,45.6840052042492
Regular,141,105.951288053783,105.96181566639,112.557999818409,0,0.0105276126068361,6.60671176462557
Regular,142,97.1269454770895,97.1199400608935,101.14921323047,0,-0.00700541619605133,4.02226775338009
Regular,143,120.058935156024,120.050663150927,126.65691099526,0,-0.008272005096984,6.59797583923594
Regular,144,105.222072109056,105.217668931126,92.4037942270116,0,-0.00440317792973133,-12.8182778820441
Regular,145,103.69971477277,103.722320971974,106.019385265254,0,0.0226061992038922,2.31967049248418
Regular,146,114.081046818444,114.075628993525,114.339230047157,0,-0.00541782491930576,0.258183228712767
Regular,147,118.719990981478,118.713236682876,138.784591246436,0,-0.00675429860152121,20.0646002649582
Regular,148,118.753243360574,118.744668925485,138.259821552491,0,-0.00857443508894562,19.5065781919174
Regular,149,100.980996647309,101.00008753755,102.406195244206,0,0.019090890240733,1.42519859689637
Regular,150,133.554057290926,133.544200430265,166.756959205208,0,-0.00985686066098879,33.2029019142826
Regular,151,120.533321370233,120.527844413015,152.702059511781,0,-0.00547695721765251,32.1687381415486
Regular,152,113.121037742975,113.113586097517,128.912640201768,0,-0.00745164545803334,15.7916024587936
Regular,153,104.6286446698,104.628608205123,117.339418791766,0,-3.64646765405041e-05,12.7107741219664
Regular,154,108.067178978337,108.10368413468,111.185324052188,0,0.0365051563422298,3.11814507385027
Regular,155,112.126105421577,112.117716085602,116.573022196178,0,-0.00838933597538016,4.44691677460045
Regular,156,94.6058475540187,94.6034251441492,98.211294188302,0,-0.00242240986942477,3.60544663428335
Regular,157,94.9537200937621,94.9475545068345,90.3693391371484,0,-0.00616558692769331,-4.58438095661377
Regular,158,103.285878923419,103.282864576608,104.674321272394,0,-0.00301434681085766,1.38844234897526
Regular,159,94.4980497039672,94.4917774102968,97.5762497923523,0,-0.00627229367034943,3.07820008838507
Regular,160,108.415776386516,108.425415058497,102.492741985679,0,0.00963867198085211,-5.92303440083728
Regular,161,97.5434260398586,97.5415037666304,95.2753804948566,0,-0.00192227322811789,-2.26804554500197
Regular,162,103.911450621972,103.903819299284,102.36265567011,0,-0.00763132268771471,-1.54879495186252
Regular,163,125.441969998305,125.434227538501,156.286273411787,0,-0.00774245980383625,30.8443034134815
Regular,164,125.117827395152,125.111420178143,134.783881709147,0,-0.00640721700914071,9.66605431399509
Regular,165,122.471005823674,122.49445429067,140.748403071154,0,0.0234484669962995,18.27739724748
Regular,166,117.00518837591,117.013419124416,128.207392051772,0,0.00823074850612215,11.2022036758617
Regular,167,105.606200432718,105.603450049107,102.804763649581,0,-0.00275038361071722,-2.80143678313651
Regular,168,117.665379718115,117.657455008834,137.571565728574,0,-0.00792470928128353,19.9061860104589
Regular,169,115.385020084637,115.394291372421,120.205566986434,0,0.00927128778401709,4.82054690179737
Regular,170,108.584627401188,108.578566743176,133.022287685454,0,-0.00606065801153477,24.4376602842657
Regular,171,107.386120941967,107.410177690266,109.216728516742,0,0.0240567482988752,1.83060757477469
Regular,172,94.599207092472,94.6124075287312,99.3958097235429,0,0.0132004362592113,4.79660263107083
Regular,173,104.586097764735,104.581263898568,112.714817074684,0,-0.00483386616738812,8.12871930994908
Regular,174,117.932526103117,117.952153692931,128.258366974824,0,0.0196275898137941,10.3258408717069
Regular,175,110.851255269152,110.843352749517,125.949086677071,0,-0.00790251963464073,15.0978314079195
Regular,176,110.220311826862,110.218632871148,114.785033634488,0,-0.00167895571381393,4.56472180762613
Regular,177,109.721481682515,109.71213428234,106.630605217437,0,-0.00934740017490299,-3.09087646507811
Regular,178,109.604187397806,109.614393767188,117.573026972413,0,0.0102063693820043,7.96883957460734
Regular,179,125.890054131109,125.912670842276,147.561087140812,0,0.0226167111669895,21.6710330097034
Regular,180,108.385614214923,108.380248037039,107.665997337258,0,-0.00536617788422689,-0.719616877665047
Regular,181,100.423701399379,100.417019436767,96.6575398387616,0,-0.00668196261230491,-3.76616156061753
Regular,182,108.906279326356,108.901806841536,123.317483846063,0,-0.00447248481947327,14.4112045197075
Regular,183,101.308504452488,101.329397152288,95.1828553945362,0,0.0208926998003705,-6.1256490579518
Regular,184,101.849692092609,101.861445599425,94.152024489546,0,0.0117535068158077,-7.69766760306292
Regular,185,111.628784902146,111.623824211511,129.988480457743,0,-0.00496069063451898,18.3596955555966
Regular,186,119.752294894472,119.773725299877,138.414957323166,0,0.0214304054053969,18.6626624286943
Regular,187,100.221275336815,100.216146278427,90.7877048809003,0,-0.0051290583872543,-9.43357045591436
Regular,188,81.5853738387981,81.5783434561065,70.6193276876152,0,-0.00703038269163869,-10.9660461511829
Regular,189,109.123015724507,109.118258699312,123.243060530881,0,-0.00475702519484855,14.1200448063741
Regular,190,107.466771077196,107.491910002618,109.419955005548,0,0.0251389254225813,1.9531839283521
Regular,191,99.2409295847304,99.2331551244177,93.9965469178401,0,-0.00777446031275986,-5.24438266689035
Regular,192,113.773261654124,113.766165920953,136.579672166278,0,-0.00709573317064383,22.8064105121538
Regular,193,108.377554530118,108.386574625455,120.646189456269,0,0.00902009533710668,12.2686349261509
Regular,194,133.484575196723,133.479428031919,159.951993786372,0,-0.00514716480432753,26.4674185896482
Regular,195,112.555673869801,112.551374898493,123.577704156167,0,-0.00429897130823065,11.0220302863655
Regular,196,99.6879665924875,99.6834288200165,89.3477229751689,0,-0.00453777247099652,-10.3402436173185
Regular,197,107.458094200072,107.448658727172,104.022613403171,0,-0.00943547290012248,-3.43548079690103
Regular,198,116.421806755424,116.416246371748,136.030929696721,0,-0.00556038367579959,19.6091229412972
Regular,199,105.939799250079,105.931959239427,122.393933205748,0,-0.00784001065198936,16.4541339556694
Regular,200,128.632812692808,128.628204756714,159.679309373217,0,-0.00460793609386201,31.0464966804093
Clustered,1,113.731617916207,113.741536076742,116.659505989365,0,0.00991816053502248,2.92788807315787
Clustered,2,121.465248148192,121.46606765177,158.458054843992,0,0.000819503577929481,36.9928066958005
Clustered,3,128.887062161851,128.885009428483,142.32929313183,0,-0.00205273336794676,13.4422309699793
Clustered,4,111.398854430645,111.402422303697,112.513963864649,0,0.00356787305169348,1.11510943400371
Clustered,5,106.829982585426,106.834830622955,90.6782737964087,0,0.00484803752826224,-16.1517087890178
Clustered,6,124.118768315693,124.115167565759,151.356884901043,0,-0.00360074993396609,27.2381165853496
Clustered,7,110.166710013791,110.177114438328,103.384688184276,0,0.0104044245363895,-6.78202182951564
Clustered,8,122.12085984809,122.121324264618,151.406077552873,0,0.000464416527762523,29.2852177047831
Clustered,9,145.613583534263,145.6117891314,183.852254078516,0,-0.00179440286308363,38.2386705442525
Clustered,10,133.334290519092,133.329164013314,147.84129923076,0,-0.00512650577746854,14.5070087116676
Clustered,11,111.601916439704,111.603064051103,133.803729699706,0,0.00114761139884934,22.2018132600014
Clustered,12,104.464661921143,104.465781424803,119.106584877208,0,0.00111950366029134,14.6419229560653
Clustered,13,121.270712144307,121.257228309723,153.812859863342,0,-0.0134838345832122,32.5421477190349
Clustered,14,113.670081362598,113.67302076668,120.508691581584,0,0.00293940408252524,6.8386102189867
Clustered,15,112.470087164137,112.469476188172,135.404629594894,0,-0.00061097596507409,22.9345424307571
Clustered,16,104.739771243317,104.739265665158,103.867346687314,0,-0.000505578159035736,-0.872424556002869
Clustered,17,116.80343224958,116.810876082793,116.613276521601,0,0.00744383321318765,-0.190155727978677
Clustered,18,110.815871747776,110.80984915364,119.964398327044,0,-0.00602259413662409,9.1485265792675
Clustered,19,124.412599942915,124.399822063087,161.826211091124,0,-0.0127778798285192,37.4136111482083
Clustered,20,103.527996062365,103.5351321192,99.9530446077709,0,0.00713605683436924,-3.57495145459434
Clustered,21,103.384948300778,103.392996336743,103.173860847243,0,0.00804803596417969,-0.211087453535754
Clustered,22,124.113856665334,124.109699174909,127.269245241541,0,-0.00415749042461755,3.15538857620714
Clustered,23,142.002184994675,142.000539397438,171.211805002904,0,-0.00164559723697266,29.2096200082287
Clustered,24,105.225721568537,105.233748231251,109.386635387643,0,0.00802666271370356,4.16091381910586
Clustered,25,119.495833928033,119.489046448551,144.025130644415,0,-0.00678747948181524,24.5292967163812
Clustered,26,116.40774566026,116.415457765494,134.773987589695,0,0.00771210523349453,18.3662419294345
Clustered,27,121.788926028101,121.795665633777,130.30166778738,0,0.00673960567553422,8.51274175927898
Clustered,28,96.6971453300175,96.7074318680783,99.7034365490216,0,0.0102865380607682,3.00629121900407
Clustered,29,110.342345872487,110.355184271968,94.8006490560069,0,0.0128383994808985,-15.5416968164801
Clustered,30,116.96905736674,116.966953681827,119.878048358469,0,-0.00210368491298141,2.9089909917295
Clustered,31,106.878386801374,106.88405674049,106.73570211589,0,0.00566993911573377,-0.142684685483474
Clustered,32,124.221730887225,124.226648671183,144.909139098664,0,0.00491778395810627,20.6874082114384
Clustered,33,106.276209057848,106.281760044131,104.116464733309,0,0.00555098628342421,-2.15974432453812
Clustered,34,98.387720382233,98.3877526134244,94.1207211402415,0,3.22311913976137e-05,-4.26699924199157
Clustered,35,108.790360579995,108.791230685465,103.636647940398,0,0.000870105469431337,-5.15371263959764
Clustered,36,108.229040403564,108.236147580874,135.602795197649,0,0.00710717730984811,27.3737547940847
Clustered,37,97.8343881297049,97.8508586361568,92.8171815850648,0,0.0164705064518955,-5.01720654464017
Clustered,38,102.431402689615,102.421911670222,106.2069077833,0,-0.00949101939326624,3.7755050936845
Clustered,39,123.587273159382,123.58814867983,170.544198687488,0,0.000875520447294775,46.9569255281058
Clustered,40,114.039553919393,114.039262084865,137.116735043969,0,-0.000291834528582058,23.0771811245761
Clustered,41,101.899069726419,101.896993579231,89.8967930698031,0,-0.0020761471873243,-12.0022766566157
Clustered,42,107.140963633058,107.135750334719,106.58554250541,0,-0.00521329833878781,-0.555421127647421
Clustered,43,112.363099425076,112.359756372983,124.629905171075,0,-0.00334305209314323,12.2668057459991
Clustered,44,115.589019755846,115.581831450531,330.94069513583,0,-0.00718830531434378,215.351675379985
Clustered,45,107.879418185737,107.886569816404,110.678506392124,0,0.00715163066769264,2.79908820638698
Clustered,46,97.5819044713166,97.5897660109292,89.9161359769265,0,0.00786153961263381,-7.66576849439006
Clustered,47,116.287692058422,116.283274736983,127.995109276177,0,-0.00441732143865181,11.7074172177557
Clustered,48,115.920173749789,115.929048393985,136.232224264891,0,0.00887464419530204,20.3120505151016
Clustered,49,111.564367237573,111.562652498929,105.37038412636,0,-0.00171473864359939,-6.19398311121242
Clustered,50,123.367715009871,123.356039838621,141.724856065397,0,-0.0116751712497916,18.3571410555259
Clustered,51,130.551831126438,130.553309023019,148.419569814159,0,0.00147789658134911,17.8677386877216
Clustered,52,96.9393655435163,96.932993493084,84.2500788655605,0,-0.00637205043227596,-12.6892866779557
Clustered,53,106.485623297508,106.488248569803,125.110087643823,0,0.00262527229517673,18.6244643463155
Clustered,54,108.310556104196,108.313612439889,117.964549854121,0,0.00305633569330155,9.65399374992451
Clustered,55,102.781520624114,102.787648257917,93.7702380103444,0,0.00612763380350145,-9.01128261376937
Clustered,56,103.57484813354,103.576935475438,106.60284020304,0,0.0020873418974503,3.02799206950039
Clustered,57,117.228089607422,117.237341582591,133.570052812617,0,0.0092519751681408,16.3419632051951
Clustered,58,91.6328702749325,91.6327718527833,82.6339805895946,0,-9.84221491364679e-05,-8.99888968533782
Clustered,59,113.340355843201,113.350462452908,120.757241124508,0,0.0101066097067957,7.41688528130695
Clustered,60,111.359458672053,111.363895656463,123.204863424243,0,0.00443698440976448,11.8454047521906
Clustered,61,117.695802769594,117.702174244312,121.799748283848,0,0.00637147471819333,4.10394551425398
Clustered,62,138.522109718618,138.537662141245,187.367483327337,0,0.0155524226276214,48.8453736087197
Clustered,63,107.680037142112,107.67839921364,105.845657647703,0,-0.00163792847114053,-1.83437949440831
Clustered,64,121.296614733616,121.297604488766,130.212473390469,0,0.000989755150058613,8.91585865685333
Clustered,65,112.099570319261,112.104215318346,124.548359238334,0,0.00464499908463267,12.4487889190724
Clustered,66,116.804761006047,116.806163816098,130.99958525102,0,0.00140281005018039,14.1948242449722
Clustered,67,102.960408728106,102.965251374467,130.955975227169,0,0.00484264636142484,27.9955664990632
Clustered,68,118.962143169291,118.962358489102,132.711146917279,0,0.000215319810592973,13.7490037479876
Clustered,69,122.984043115867,122.989392239807,130.366605784311,0,0.00534912394066112,7.38256266844454
Clustered,70,110.872060968381,110.875188041861,148.293642888837,0,0.00312707347967489,37.421581920456
Clustered,71,121.622985026691,121.623907669063,150.573530739741,0,0.000922642372117366,28.9505457130495
Clustered,72,126.262074628236,126.262348900365,140.88264068016,0,0.00027427212914688,14.6205660519239
Clustered,73,113.142932691532,113.146463443616,109.166919458417,0,0.00353075208413145,-3.97601323311457
Clustered,74,118.521655676816,118.525209987871,137.726044671181,0,0.00355431105438697,19.2043889943648
Clustered,75,123.733498754574,123.736609986609,148.828804462588,0,0.00311123203547936,25.0953057080145
Clustered,76,128.245396608629,128.24552930112,138.53600734886,0,0.000132692490353747,10.2906107402304
Clustered,77,126.804530066984,126.806422559293,150.159248502187,0,0.00189249230932376,23.3547184352028
Clustered,78,110.266258402718,110.273026148327,125.879171198228,0,0.00676774560916726,15.6129127955101
Clustered,79,116.64380695836,116.639856793993,122.317953605098,0,-0.00395016436681317,5.67414664673736
Clustered,80,128.685780177578,128.682568201683,198.329772296657,0,-0.00321197589519784,69.643992119079
Clustered,81,112.597053966801,112.594828080653,114.606636064964,0,-0.00222588614758479,2.00958209816282
Clustered,82,118.938479210094,118.940058750614,128.151400804799,0,0.00157954052090759,9.21292159470526
Clustered,83,135.414928477139,135.406654169736,142.782541476858,0,-0.00827430740372392,7.36761299971917
Clustered,84,109.859848648787,109.853961173899,123.823755509824,0,-0.00588747488782815,13.9639068610367
Clustered,85,112.47747123302,112.475574016504,134.70598636673,0,-0.00189721651628361,22.2285151337101
Clustered,86,118.813574248343,118.806694896386,111.870795384878,0,-0.00687935195701073,-6.94277886346563
Clustered,87,127.885356002257,127.896477715235,163.02508951299,0,0.0111217129779675,35.1397335107336
Clustered,88,106.649640378908,106.65672451624,115.767981534507,0,0.00708413733259761,9.11834115559965
Clustered,89,122.956489237236,122.958595241749,142.652503067421,0,0.00210600451291043,19.6960138301858
Clustered,90,101.150700648376,101.142353343419,96.3419159675958,0,-0.00834730495709834,-4.80878468078072
Clustered,91,109.861053037693,109.862953981918,112.514325134862,0,0.00190094422492848,2.65327209716824
Clustered,92,138.788192012401,138.769729716889,151.494101465083,0,-0.018462295512137,12.7059094526811
Clustered,93,111.01396565554,111.015714464618,108.234400809285,0,0.00174880907762542,-2.77956484625518
Clustered,94,119.241466514763,119.242746568965,137.510786109123,0,0.00128005420292254,18.2693195943608
Clustered,95,123.476407443346,123.470487273992,145.01949384508,0,-0.00592016935375739,21.543086401734
Clustered,96,117.575125801256,117.571982502915,170.525992279007,0,-0.00314329834051819,52.9508664777517
Clustered,97,125.391733082318,125.39423410028,139.376445687631,0,0.00250101796277136,13.9847126053135
Clustered,98,133.082471979493,133.080903745212,155.470277960536,0,-0.00156823428108055,22.3878059810432
Clustered,99,110.639470662631,110.63555444183,123.142703319034,0,-0.00391622080148579,12.503232656403
Clustered,100,131.172026274608,131.173149935773,154.640874594991,0,0.00112366116491103,23.4688483203825
Clustered,101,110.676125417479,110.671329627709,112.262874630701,0,-0.00479578977065387,1.58674921322157
Clustered,102,110.561891168841,110.562217637543,136.631708111637,0,0.000326468702496641,26.0698169427958
Clustered,103,103.635966123701,103.639796738193,113.785641161275,0,0.00383061449227284,10.1496750375739
Clustered,104,125.285789747974,125.285060313873,159.156427362516,0,-0.000729434101359061,33.870637614542
Clustered,105,120.308100623795,120.312185871188,137.956787583468,0,0.00408524739275151,17.6486869596726
Clustered,106,113.407545343348,113.427271388156,103.868739089637,0,0.0197260448075554,-9.53880625371147
Clustered,107,121.044338412524,121.042597474862,116.518942053706,0,-0.00174093766213446,-4.52539635881779
Clustered,108,103.940902459346,103.941174848211,104.066525296554,0,0.000272388864530626,0.125622837207743
Clustered,109,107.027147102051,107.039064338092,128.531630774059,0,0.0119172360412279,21.504483672008
Clustered,110,107.852760636641,107.846892338393,119.785843786833,0,-0.0058682982481173,11.9330831501924
Clustered,111,121.741898923722,121.737750782455,126.365732229192,0,-0.00414814126735052,4.62383330546986
Clustered,112,111.818864385249,111.828385164008,128.633710830711,0,0.00952077875854229,16.8148464454612
Clustered,113,98.8890153619696,98.8882339663533,105.127922509148,0,-0.000781395616272107,6.23890714717811
Clustered,114,110.215797104756,110.22061956334,101.284578118727,0,0.00482245858381702,-8.93121898602935
Clustered,115,119.181046988954,119.171341670931,121.296977723751,0,-0.00970531802256858,2.11593073479752
Clustered,116,104.482445636308,104.480308797681,115.353843904674,0,-0.0021368386270666,10.8713982683658
Clustered,117,114.430013230299,114.433008013176,112.437817210578,0,0.00299478287641364,-1.99219601972067
Clustered,118,119.737911788841,119.738588137493,119.150863341,0,0.000676348651566627,-0.587048447841866
Clustered,119,110.759741147469,110.762828228134,107.585962221435,0,0.00308708066525298,-3.17377892603461
Clustered,120,111.501497167776,111.502749645806,133.243458578806,0,0.00125247802971273,21.7419614110295
Clustered,121,108.635831625005,108.636980469509,132.792965121448,0,0.00114884450437103,24.1571334964434
Clustered,122,108.598908376418,108.603977011695,159.774822714953,0,0.00506863527743917,51.1759143385355
Clustered,123,123.841299618325,123.849081885146,214.613842198289,0,0.00778226682024297,90.7725425799633
Clustered,124,117.606562511982,117.597768636851,113.188402891019,0,-0.0087938751301806,-4.41815962096254
Clustered,125,118.131977757528,118.140098950183,119.832346892825,0,0.00812119265484057,1.70036913529729
Clustered,126,123.680443481321,123.681257981316,143.611392506787,0,0.000814499994646667,19.9309490254657
Clustered,127,128.769795688939,128.767355647772,153.861983486819,0,-0.00244004116672158,25.0921877978799
Clustered,128,112.387698424996,112.38840094877,119.557361515258,0,0.000702523774563701,7.16966309026255
Clustered,129,103.082115858811,103.091562091791,103.95942181109,0,0.00944623298005354,0.877305952279201
Clustered,130,113.204516455299,113.203940731793,123.60922267032,0,-0.000575723506671011,10.40470621502
Clustered,131,117.658576150145,117.662611470986,157.545830906939,0,0.00403532084028768,39.8872547567933
Clustered,132,122.75096397565,122.741951934049,135.358445595565,0,-0.00901204160139457,12.6074816199147
Clustered,133,119.712182944074,119.714030302159,128.487621107444,0,0.00184735808507241,8.77543816337086
Clustered,134,116.002878706568,116.005987082064,121.659390689164,0,0.00310837549622534,5.65651198259582
Clustered,135,108.244038165599,108.248585552022,117.319316323325,0,0.00454738642274322,9.07527815772582
Clustered,136,120.842983739337,120.839180405317,152.012430927789,0,-0.00380333402029009,31.1694471884523
Clustered,137,112.723786071999,112.719510704802,126.29607014733,0,-0.00427536719747934,13.572284075331
Clustered,138,109.809331195659,109.813831868073,110.244518906923,0,0.00450067241345664,0.43518771126395
Clustered,139,107.3950938952,107.393859055647,118.344454975007,0,-0.00123483955223946,10.9493610798072
Clustered,140,96.0520972800481,96.0599681389967,106.225367018052,0,0.00787085894862116,10.1732697380042
Clustered,141,115.334097934613,115.342500260987,117.181514992933,0,0.00840232637405336,1.84741705832006
Clustered,142,97.3520091625991,97.3632661156191,94.457062235145,0,0.0112569530200801,-2.89494692745404
Clustered,143,129.51508039293,129.504037107643,154.899105367971,0,-0.0110432852879399,25.3840249750409
Clustered,144,106.112191530689,106.114413875545,106.281858812688,0,0.00222234485673312,0.169667281998827
Clustered,145,128.966861228523,128.964806872864,159.716496844422,0,-0.0020543556583732,30.7496356158989
Clustered,146,124.206602445945,124.205221150713,125.983892980396,0,-0.00138129523213593,1.77729053445105
Clustered,147,131.881248202823,131.879267899061,145.890336640396,0,-0.00198030376165548,14.0090884375734
Clustered,148,110.023520688893,110.019932766213,135.867026052123,0,-0.00358792267991248,25.8435053632299
Clustered,149,111.531524925091,111.526697425978,120.469910051777,0,-0.00482749911297731,8.93838512668665
Clustered,150,136.849708273009,136.858219618727,178.806989230225,0,0.00851134571831835,41.9572809572162
Clustered,151,122.358938002726,122.366394354628,139.940070366236,0,0.0074563519022206,17.5811323635101
Clustered,152,105.905431606615,105.905459316764,116.72383934973,0,2.7710149524296e-05,10.8184077431155
Clustered,153,118.744366338356,118.739478192975,126.483706007988,0,-0.00488814538148574,7.73933966963166
Clustered,154,108.649120530868,108.657857133841,107.862016634968,0,0.00873660297310153,-0.787103895899662
Clustered,155,120.507455095666,120.506863885812,142.832614642536,0,-0.000591209853695318,22.3251595468702
Clustered,156,120.634717152225,120.63365421809,123.087165851104,0,-0.00106293413485048,2.45244869887878
Clustered,157,107.199552339887,107.202563225057,111.564283238549,0,0.00301088516982873,4.36473089866189
Clustered,158,103.970823961715,103.973182217142,115.441484037045,0,0.00235825542661416,11.4706600753294
Clustered,159,93.6499266030505,93.6474394519069,94.8301607072324,0,-0.00248715114359754,1.18023410418191
Clustered,160,117.096644029695,117.093942665049,114.7452823413,0,-0.00270136464675375,-2.35136168839583
Clustered,161,122.934237518819,122.929484153802,129.590858317923,0,-0.0047533650171232,6.65662079910447
Clustered,162,117.087232350764,117.091676474936,137.844271710135,0,0.00444412417185447,20.7570393593709
Clustered,163,125.527699753501,125.519656012729,138.491502667255,0,-0.00804374077152659,12.9638029137542
Clustered,164,118.248073198521,118.241573411018,116.840300537314,0,-0.00649978750371361,-1.40777266120699
Clustered,165,120.554921854308,120.557798592806,142.484152013987,0,0.00287673849784653,21.929230159679
Clustered,166,118.293023928217,118.288234317073,122.39171841803,0,-0.00478961114426113,4.09869448981304
Clustered,167,106.611095421611,106.617455292481,112.127176450085,0,0.00635987087071044,5.51608102847435
Clustered,168,110.300205423183,110.303997212695,112.953467301331,0,0.00379178951219217,2.65326187814846
Clustered,169,127.732403215582,127.729871321606,138.367430932648,0,-0.00253189397626841,10.6350277170658
Clustered,170,107.846002412511,107.845552737621,111.837699012588,0,-0.000449674889523521,3.99169660007786
Clustered,171,120.724289201183,120.734034023162,124.663819693423,0,0.00974482197949555,3.93953049224035
Clustered,172,113.573959719024,113.581315649037,129.119401666804,0,0.00735593001277834,15.5454419477795
Clustered,173,134.985282139943,134.986081283544,144.43539595753,0,0.000799143600261232,9.45011381758675
Clustered,174,111.480711771491,111.469560669789,119.070899160606,0,-0.0111511017019268,7.59018738911466
Clustered,175,119.335189214282,119.338935277909,140.186189780989,0,0.00374606362669283,20.8510005667075
Clustered,176,96.4470801892093,96.4635561506817,88.158595283891,0,0.0164759614724517,-8.28848490531827
Clustered,177,123.479173298544,123.473591555427,192.229777947632,0,-0.00558174311657922,68.7506046490885
Clustered,178,113.812453975235,113.81252381815,125.076445618169,0,6.98429151810842e-05,11.2639916429337
Clustered,179,113.724093206858,113.73036105955,114.237976786272,0,0.00626785269156471,0.513883579413047
Clustered,180,111.30876551765,111.320449109685,158.920425244644,0,0.0116835920351122,47.6116597269947
Clustered,181,104.888223596499,104.898720378196,107.340807341152,0,0.0104967816970714,2.45258374465308
Clustered,182,121.443613610941,121.449452203418,146.43839310612,0,0.00583859247726082,24.9947794951795
Clustered,183,106.447733334739,106.460188763727,118.518549808306,0,0.0124554289880763,12.0708164735671
Clustered,184,91.9603342864517,91.9745250704082,77.4188681091634,0,0.0141907839565505,-14.5414661772882
Clustered,185,117.211019645784,117.219440099923,120.141526442238,0,0.00842045413932624,2.93050679645432
Clustered,186,104.717993795244,104.718306945533,121.09392638453,0,0.000313150289343866,16.3759325892859
Clustered,187,126.607661862184,126.616036771526,136.894019528474,0,0.00837490934216589,10.2863576662904
Clustered,188,107.277524628771,107.287183865352,126.791010269234,0,0.00965923658027634,19.5134856404625
Clustered,189,107.004701951598,106.998765251375,118.226933667089,0,-0.00593670022369963,11.2222317154909
Clustered,190,127.440072215988,127.45050007942,142.357310799122,0,0.0104278634317865,14.9172385831335
Clustered,191,142.931982536835,142.931617897024,185.79132360088,0,-0.000364639811067491,42.8593410640453
Clustered,192,115.966563216201,115.980519549905,132.464382818747,0,0.0139563337035327,16.4978196025458
Clustered,193,93.2663100439503,93.2724938312532,102.145342045059,0,0.0061837873028594,8.87903200110863
Clustered,194,117.998276356436,118.001367784565,156.992229111452,0,0.00309142812903929,38.9939527550167
Clustered,195,108.429585057504,108.435846283374,136.60101932299,0,0.00626122587058831,28.1714342654866
Clustered,196,124.236112831019,124.228731579326,133.704705584329,0,-0.00738125169243631,9.46859275331052
Clustered,197,115.675842423002,115.678171260746,140.259462558623,0,0.0023288377432209,24.5836201356202
Clustered,198,113.292229408331,113.295036708195,115.412463673838,0,0.00280729986461381,2.12023426550752
Clustered,199,117.859966844058,117.863143957941,120.18675365559,0,0.00317711388281339,2.32678681153214
Clustered,200,112.215236761254,112.221473863759,120.750478748509,0,0.0062371025047554,8.53524198725502
Disconnected,1,117.019597573062,117.022737154995,120.182139520003,0,0.00313958193329711,3.16254194694172
Disconnected,2,115.16371222197,115.187872903684,124.45295703812,0,0.0241606817143065,9.28924481615059
Disconnected,3,114.994787506181,115.014900219078,121.378576295449,0,0.0201127128969461,6.3837887892681
Disconnected,4,102.052688496916,102.058049280703,101.682541415599,0,0.0053607837870544,-0.370147081317569
Disconnected,5,120.321326289806,120.33042771106,126.861419425776,0,0.0091014212538596,6.54009313596946
Disconnected,6,108.051448731407,108.055839260286,125.322955006766,0,0.00439052887971059,17.2715062753591
Disconnected,7,109.969526859401,109.970751513882,123.857597193146,0,0.00122465448055209,13.8880703337454
Disconnected,8,118.722190619628,118.720891880036,121.306851317069,0,-0.00129873959193105,2.58466069744149
Disconnected,9,96.2712914072146,96.2757077328168,88.7273603332273,0,0.00441632560210792,-7.54393107398732
Disconnected,10,138.891883327337,138.895474824587,166.976032384052,0,0.00359149725059638,28.0841490567147
Disconnected,11,94.3722747903473,94.3735402856049,86.5530291515923,0,0.00126549525761277,-7.81924563875496
Disconnected,12,100.758909854276,100.764237902621,124.14824865501,0,0.00532804834477929,23.3893388007341
Disconnected,13,122.91501323155,122.909086669197,135.736336106744,0,-0.00592656235320987,12.8213228751931
Disconnected,14,105.255762586792,105.254866506111,105.879104847552,0,-0.000896080681243916,0.623342260759927
Disconnected,15,101.009512575153,101.018214827585,118.975930719925,0,0.0087022524319309,17.9664181447725
Disconnected,16,104.509756885063,104.517207532628,125.304610343777,0,0.00745064756543456,20.7948534587139
Disconnected,17,129.255074854543,129.256330207565,204.166262690968,0,0.0012553530214916,74.9111878364248
Disconnected,18,128.54837443052,128.557145528757,162.728433900329,0,0.00877109823670708,34.1800594698085
Disconnected,19,110.6269882151,110.633540728359,116.822251930905,0,0.00655251325876804,6.19526371580497
Disconnected,20,89.5288198139428,89.529736749874,108.881218357418,0,0.00091693593114428,19.3523985434748
Disconnected,21,120.156216300087,120.154841556688,139.6813742153,0,-0.00137474339953769,19.5251579152131
Disconnected,22,104.20874685224,104.208794653991,106.924552770606,0,4.78017504548234e-05,2.71580591836532
Disconnected,23,94.9125806404676,94.9290338128093,92.4048135824371,0,0.0164531723417554,-2.5077670580305
Disconnected,24,94.1988775563322,94.2191016763888,104.258461505032,0,0.0202241200565965,10.0595839487002
Disconnected,25,98.2297113628954,98.2310767744841,95.817228044484,0,0.00136541158870784,-2.41248331841138
Disconnected,26,133.25793893398,133.262600780287,157.239149542357,0,0.00466184630730027,23.9812106083764
Disconnected,27,135.272163720469,135.267248163757,166.507678103928,0,-0.00491555671248989,31.2355143834587
Disconnected,28,121.935542180703,121.944588599295,137.568365173304,0,0.0090464185911685,15.632822992601
Disconnected,29,123.800889774623,123.810989892941,135.281413024425,0,0.0101001183187037,11.4805232498024
Disconnected,30,98.1229841565334,98.122433432762,96.3490391069403,0,-0.000550723771439721,-1.77394504959312
Disconnected,31,128.743876356788,128.743395967046,138.16666972173,0,-0.00048038974227893,9.42279336494261
Disconnected,32,125.978708615954,125.973585917342,127.912231601655,0,-0.00512269861225434,1.93352298570129
Disconnected,33,101.058283484517,101.062271312411,87.733200728183,0,0.00398782789415009,-13.325082756334
Disconnected,34,117.06585925938,117.062853747162,135.875791484674,0,-0.00300551221786804,18.8099322252933
Disconnected,35,131.277887189712,131.275835600637,150.826455651805,0,-0.00205158907530745,19.5485684620928
Disconnected,36,115.890789320263,115.897496866871,129.21063805404,0,0.00670754660802686,13.3198487337769
Disconnected,37,99.9539681500149,99.9616330760809,93.1217203041952,0,0.00766492606597069,-6.83224784581975
Disconnected,38,103.195765974892,103.201301842518,98.7129091189221,0,0.00553586762579528,-4.48285685597001
Disconnected,39,122.90124099171,122.918671735826,141.397226992743,0,0.0174307441160408,18.4959860010334
Disconnected,40,96.4906186197967,96.514203146271,122.85687638558,0,0.0235845264742949,26.3662577657835
Disconnected,41,104.952439444248,104.959509677974,108.383074916661,0,0.00707023372685001,3.43063547241299
Disconnected,42,113.265413833917,113.280745991392,108.159141381689,0,0.0153321574755267,-5.10627245222774
Disconnected,43,119.658738051449,119.654238676674,155.050846415655,0,-0.00449937477522155,35.3921083642055
Disconnected,44,108.220744736833,108.231470011447,108.490303044024,0,0.010725274614245,0.269558307191105
Disconnected,45,134.141519448031,134.14064750338,162.144213986365,0,-0.000871944650498335,28.0026945383343
Disconnected,46,111.27574669775,111.280734860329,113.913421784876,0,0.00498816257906753,2.63767508712576
Disconnected,47,117.899146359652,117.897557109085,125.629012257443,0,-0.00158925056689441,7.72986589779146
Disconnected,48,104.959655246671,104.961714616275,112.259982124562,0,0.00205936960382758,7.30032687789122
Disconnected,49,107.336793963163,107.347662683762,113.568256341176,0,0.0108687205988929,6.23146237801286
Disconnected,50,135.679593795283,135.677967899783,167.230316033578,0,-0.00162589550052417,31.5507222382952
Disconnected,51,116.286865479147,116.297451658539,153.745810718544,0,0.010586179391268,37.4589452393967
Disconnected,52,112.049789395168,112.054079747157,131.24127340687,0,0.00429035198915528,19.1914840117014
Disconnected,53,128.620653356109,128.622486804755,155.022672688946,0,0.00183344864561263,26.4020193328368
Disconnected,54,111.358729313772,111.360033485114,120.098105748115,0,0.00130417134197103,8.73937643434262
Disconnected,55,102.563241007289,102.563245549662,108.829735087777,0,4.54237326152906e-06,6.2664940804888
Disconnected,56,117.445269007962,117.452918949058,113.891149444684,0,0.00764994109520956,-3.55411956327869
Disconnected,57,118.888036641434,118.886785262843,135.953584521694,0,-0.00125137859151891,17.0655478802596
Disconnected,58,124.614834834512,124.611567985752,197.09325331444,0,-0.00326684875994943,72.4784184799281
Disconnected,59,107.949914883997,107.950387863605,118.611495023636,0,0.000472979608204582,10.6615801396391
Disconnected,60,117.61989729485,117.628605175594,143.289424874533,0,0.00870788074405482,25.6695275796826
Disconnected,61,118.602056329918,118.600751085332,133.925148422025,0,-0.00130524458644743,15.3230920921067
Disconnected,62,121.319778239059,121.321288148309,125.165311659907,0,0.00150990924929317,3.84553342084743
Disconnected,63,109.312953439379,109.336666958088,125.157841451961,0,0.0237135187085755,15.8448880125816
Disconnected,64,110.147950339443,110.151320960864,106.52245996259,0,0.00337062142010325,-3.62549037685361
Disconnected,65,119.97954103408,119.994958165167,138.772130270611,0,0.0154171310877018,18.7925892365309
Disconnected,66,99.5638066274758,99.5666014457505,89.7688926901631,0,0.00279481827465133,-9.79491393731273
Disconnected,67,117.043947503143,117.045924629579,126.854812188375,0,0.00197712643550574,9.81086468523205
Disconnected,68,123.055827082939,123.053739658348,134.779005034052,0,-0.00208742459102496,11.7231779511127
Disconnected,69,99.4428775809833,99.4441890924337,111.457835998787,0,0.00131151145046715,12.0149584178042
Disconnected,70,116.439326400888,116.44563159293,124.036469730571,0,0.00630519204199231,7.59714332968322
Disconnected,71,112.157426430176,112.161859865181,116.186965392538,0,0.00443343500424476,4.02953896236203
Disconnected,72,96.7902239618444,96.8116046061431,110.494387025231,0,0.0213806442986311,13.7041630633866
Disconnected,73,115.385460382716,115.393336788697,134.000878962904,0,0.00787640598180417,18.615418580188
Disconnected,74,112.147092405612,112.15242546116,119.375616441055,0,0.00533305554745311,7.22852403544285
Disconnected,75,115.525443690838,115.547243967248,146.993515787777,0,0.0218002764099197,31.4680720969397
Disconnected,76,120.41109613462,120.416848739299,137.406180321041,0,0.00575260467914518,16.9950841864213
Disconnected,77,115.708188573652,115.706790569571,125.012075985765,0,-0.00139800408143742,9.30388741211307
Disconnected,78,109.70182330334,109.704888120551,112.994912302101,0,0.00306481721099772,3.29308899876088
Disconnected,79,113.050463516977,113.056950416901,112.572293908891,0,0.00648689992392804,-0.478169608085949
Disconnected,80,109.086471073552,109.084144301812,110.762199547868,0,-0.00232677174007279,1.67572847431634
Disconnected,81,119.426923033891,119.430207689831,126.552188298559,0,0.00328465594002125,7.12526526466853
Disconnected,82,113.106475962627,113.110476203497,108.481771834547,0,0.00400024086961537,-4.6247041280804
Disconnected,83,121.077713235851,121.074363273409,136.386690618245,0,-0.00334996244180275,15.3089773823938
Disconnected,84,101.258337940328,101.267402136339,97.9807024115335,0,0.00906419601190578,-3.27763552879406
Disconnected,85,106.874293510333,106.87429763526,135.635766609564,0,4.12492748580462e-06,28.761473099232
Disconnected,86,107.693333464522,107.70421301917,119.741207137254,0,0.0108795546486817,12.0478736727325
Disconnected,87,106.020625274306,106.026528888609,127.045961989832,0,0.00590361430248265,21.0253367155258
Disconnected,88,135.453068752733,135.455104851593,178.267199375815,0,0.0020360988603727,42.8141306230821
Disconnected,89,122.165685330136,122.185487967046,140.187457793568,0,0.0198026369097164,18.0217724634323
Disconnected,90,124.221496279425,124.24233753027,165.931401076156,0,0.0208412508443416,41.7099047967309
Disconnected,91,117.164536163381,117.16442039057,129.562610611087,0,-0.00011577281082964,12.3980744477058
Disconnected,92,109.328247948934,109.335230178189,143.08207832391,0,0.00698222925539937,33.7538303749759
Disconnected,93,122.278624366927,122.27261020526,144.839334136312,0,-0.00601416166675506,22.5607097693847
Disconnected,94,122.478705496558,122.478863329816,145.393358223433,0,0.000157833257176776,22.9146527268747
Disconnected,95,142.681843030458,142.680677562776,184.294963227433,0,-0.00116546768222747,41.613120196975
Disconnected,96,109.47570436178,109.481288009676,141.379496051556,0,0.0055836478961595,31.9037916897764
Disconnected,97,96.9714629035157,96.9764170815745,125.991019060094,0,0.00495417805881004,29.019556156578
Disconnected,98,108.826024096399,108.826437864965,120.860663369446,0,0.000413768565636019,12.034639273047
Disconnected,99,119.45641362707,119.462885227909,136.739894751427,0,0.00647160083870801,17.2834811243565
Disconnected,100,112.991171672951,112.988991742849,111.532145133921,0,-0.00217993010222983,-1.45902653903028
Disconnected,101,110.261421917682,110.279178651884,113.684965809187,0,0.0177567342021234,3.42354389150542
Disconnected,102,131.433348223222,131.433931906734,160.550832058242,0,0.000583683511564459,29.1174838350195
Disconnected,103,125.333069180035,125.332088888048,179.893459717841,0,-0.000980291987247028,54.5603905378058
Disconnected,104,99.9925127134338,100.006724653267,108.758286894543,0,0.0142119398331033,8.76577418110895
Disconnected,105,115.367706672117,115.366350682068,137.123384233286,0,-0.00135599004912024,21.7556775611694
Disconnected,106,103.950503098403,103.951932675498,101.442772978942,0,0.0014295770942141,-2.50773011946121
Disconnected,107,116.470005485299,116.469031271118,139.003469861731,0,-0.000974214181511002,22.533464376432
Disconnected,108,102.679807915416,102.683416744592,92.5491442449929,0,0.00360882917551919,-10.1306636704232
Disconnected,109,130.14403736416,130.139779080719,141.80939740686,0,-0.00425828344054935,11.6653600427001
Disconnected,110,111.816632863848,111.817141801056,107.796705239864,0,0.000508937207655435,-4.01992762398351
Disconnected,111,102.025767447342,102.027535689326,95.918715479455,0,0.00176824198352676,-6.10705196788726
Disconnected,112,119.90550134713,119.912037556437,177.205555668559,0,0.00653620930650334,57.3000543214288
Disconnected,113,124.819112555166,124.826800583638,198.053008597566,0,0.00768802847207439,73.2338960424001
Disconnected,114,97.9386312502853,97.9558521652204,90.0698893369019,0,0.0172209149350806,-7.86874191338336
Disconnected,115,130.481617204306,130.48493733438,145.244451308928,0,0.00332013007417231,14.7628341046224
Disconnected,116,108.472139514232,108.469102643485,114.818021306556,0,-0.00303687074759296,6.34588179232422
Disconnected,117,98.8271516408748,98.8333384746627,118.326220721968,0,0.00618683378783658,19.4990690810933
Disconnected,118,114.608765898608,114.606638598345,131.241476619084,0,-0.00212730026311192,16.6327107204758
Disconnected,119,125.089418978861,125.090848725472,135.669741807004,0,0.00142974661098094,10.5803228281437
Disconnected,120,115.828256940289,115.819873181998,127.960494884704,0,-0.0083837582911741,12.132237944415
Disconnected,121,121.505563704609,121.504181900177,145.389310429327,0,-0.00138180443165936,23.8837467247183
Disconnected,122,98.8858514729991,98.8990424625594,89.4921169818418,0,0.0131909895602149,-9.39373449115737
Disconnected,123,106.421210267349,106.421649387633,114.667717107104,0,0.000439120283999728,8.24650683975547
Disconnected,124,125.140317490486,125.145633559656,161.137459271805,0,0.00531606917016347,35.9971417813192
Disconnected,125,109.693110599103,109.703236137795,128.170258233371,0,0.0101255386922503,18.4771476342679
Disconnected,126,99.7279634045797,99.7371172702734,88.8526641547826,0,0.00915386569374732,-10.8752992497971
Disconnected,127,120.698044725196,120.696746719969,136.318702815925,0,-0.0012980052268432,15.6206580907296
Disconnected,128,117.37437628871,117.383052860907,137.659089358171,0,0.00867657219727391,20.2847130694606
Disconnected,129,130.46444952371,130.459496912425,140.707725129423,0,-0.00495261128514812,10.2432756057134
Disconnected,130,111.836138469132,111.835493655465,118.350559771861,0,-0.000644813667307176,6.51442130272837
Disconnected,131,119.692562965895,119.694129698176,136.040242853586,0,0.00156673228167392,16.347679887691
Disconnected,132,109.403135370735,109.406719456368,128.095411224772,0,0.00358408563272405,18.6922758540365
Disconnected,133,136.16585932169,136.160328118089,167.64344927123,0,-0.00553120360081039,31.4775899495407
Disconnected,134,91.911440448566,91.9121761446752,80.4836633910276,0,0.000735696109202877,-11.4277770575383
Disconnected,135,105.917539018611,105.916492606978,148.241153887518,0,-0.00104641163325425,42.3236148689072
Disconnected,136,110.040659378444,110.045700945859,163.968538632199,0,0.00504156741435224,53.9278792537542
Disconnected,137,119.530515714948,119.530674493408,129.823257446085,0,0.000158778459876885,10.2927417311363
Disconnected,138,120.652967789716,120.652682911047,128.364091525013,0,-0.000284878668949773,7.71112373529667
Disconnected,139,104.833956595019,104.830696517713,124.129062619294,0,-0.00326007730650701,19.2951060242746
Disconnected,140,131.958536102064,131.974432554724,145.58076907053,0,0.0158964526602858,13.6222329684669
Disconnected,141,115.309344071161,115.305728202794,167.395385557129,0,-0.00361586836702088,52.0860414859683
Disconnected,142,109.084741964479,109.09874939001,106.598431704133,0,0.0140074255300391,-2.48631026034695
Disconnected,143,116.09468235544,116.093850175271,122.768171911896,0,-0.000832180169069829,6.67348955645603
Disconnected,144,97.0912266414075,97.0958895960701,92.0653133545468,0,0.00466295466259226,-5.02591328686067
Disconnected,145,117.24514024096,117.253576783216,133.385841366908,0,0.00843654225593582,16.140701125948
Disconnected,146,135.534675240969,135.534094091753,171.359319729772,0,-0.000581149216458243,35.8246444888029
Disconnected,147,128.506096356969,128.503478113792,157.207933998997,0,-0.00261824317749415,28.7018376420278
Disconnected,148,104.343114476966,104.355121248633,112.490219356476,0,0.0120067716666483,8.14710487950926
Disconnected,149,97.8613206827279,97.8626528039143,114.522002847868,0,0.00133212118630865,16.6606821651401
Disconnected,150,105.637034825989,105.637867816373,112.103724941083,0,0.0008329903833868,6.46669011509344
Disconnected,151,123.063662500515,123.070362297496,144.42154295592,0,0.00669979698015766,21.3578804554044
Disconnected,152,145.920148533059,145.915160853235,182.192772006342,0,-0.00498767982443837,36.2726234732829
Disconnected,153,96.3218640169326,96.3267636182162,98.7530876364744,0,0.00489960128361133,2.43122361954183
Disconnected,154,112.435281348384,112.44153459894,138.379957711074,0,0.00625325055605686,25.9446763626903
Disconnected,155,120.160588125858,120.155172996598,138.794808660999,0,-0.00541512925968846,18.6342205351409
Disconnected,156,108.133961157203,108.140596100002,109.212198902532,0,0.00663494279930887,1.07823774532955
Disconnected,157,108.230504668769,108.230589171428,110.216472916861,0,8.45026589786357e-05,1.98596824809236
Disconnected,158,100.134343180709,100.132429571072,90.704884634514,0,-0.00191360963742682,-9.42945854619545
Disconnected,159,128.095562421593,128.101869993835,192.522924975457,0,0.006307572241667,64.4273625538642
Disconnected,160,138.82929242331,138.825638546294,174.47619214368,0,-0.00365387701612008,35.6468997203697
Disconnected,161,105.69334483122,105.702205501236,116.298305671662,0,0.00886067001596302,10.6049608404424
Disconnected,162,116.887963498955,116.894746462923,134.861334202907,0,0.00678296396785072,17.9733707039516
Disconnected,163,126.629497922752,126.634859374868,157.876535859725,0,0.00536145211646044,31.2470379369737
Disconnected,164,88.1722537440458,88.1735839028612,80.8382280523509,0,0.00133015881533538,-7.33402569169492
Disconnected,165,110.747695356103,110.745524848063,136.814493463959,0,-0.00217050804070595,26.0667981078555
Disconnected,166,139.663659893863,139.663948620662,163.981271698794,0,0.000288726798885364,24.317611804931
Disconnected,167,120.318256512238,120.321072948069,148.055392358365,0,0.00281643583132052,27.7371358461276
Disconnected,168,119.050659202293,119.072802291651,133.494838600561,0,0.0221430893574137,14.4441793982675
Disconnected,169,112.372774221618,112.397723233658,105.09053016497,0,0.0249490120392863,-7.28224405664854
Disconnected,170,120.667888301596,120.684908008448,114.247404841494,0,0.0170197068518547,-6.42048346010228
Disconnected,171,101.344795944444,101.352228722443,92.2210193856614,0,0.0074327779988721,-9.12377655878225
Disconnected,172,98.44627987679,98.4503081449588,89.4937512617272,0,0.00402826816878132,-8.95252861506273
Disconnected,173,103.93040640499,103.94784427746,100.226968822501,0,0.0174378724703104,-3.70343758248949
Disconnected,174,108.105138478604,108.108577056475,111.682936094805,0,0.00343857787093782,3.57779761620085
Disconnected,175,124.718481843771,124.717664664156,146.944304648396,0,-0.000817179614358565,22.2258228046251
Disconnected,176,93.9760522660893,93.9814050739989,83.9839737185478,0,0.00535280790961679,-9.99207854754154
Disconnected,177,115.301279901376,115.301625203191,119.85353771442,0,0.000345301815656285,4.55225781304431
Disconnected,178,114.812216383276,114.812245913289,137.752821400377,0,2.9530012383816e-05,22.9406050171006
Disconnected,179,136.369764975632,136.372780780569,173.02035236524,0,0.00301580493683673,36.6505873896079
Disconnected,180,98.2653308396341,98.2932867678426,89.870377392701,0,0.0279559282084989,-8.39495344693306
Disconnected,181,101.240111295942,101.251901794986,89.7893902281823,0,0.0117904990443094,-11.4507210677598
Disconnected,182,117.25814056755,117.260076919297,116.801556327779,0,0.00193635174751705,-0.456584239770777
Disconnected,183,121.116974859931,121.117233868437,138.68646398887,0,0.000259008505381075,17.569489128939
Disconnected,184,100.359454279923,100.362046886758,95.6337260736296,0,0.00259260683526463,-4.72572820629323
Disconnected,185,118.412573428373,118.407640675134,134.213819928785,0,-0.00493275323896114,15.8012465004116
Disconnected,186,105.984134504706,106.0051745006,102.902218087848,0,0.021039995893787,-3.08191641685806
Disconnected,187,124.818303490607,124.819736680688,140.559739418221,0,0.00143319008012099,15.7414359276139
Disconnected,188,101.268424047856,101.270591376006,100.266897750704,0,0.00216732815020748,-1.00152629715205
Disconnected,189,104.430524619893,104.429937112258,125.73539169062,0,-0.00058750763427895,21.3048670707276
Disconnected,190,131.215908347993,131.214222155625,149.126730479544,0,-0.00168619236799827,17.9108221315511
Disconnected,191,99.132193294473,99.1341971027087,95.7747434693623,0,0.00200380823567059,-3.35744982511078
Disconnected,192,87.1856476228934,87.1918792868739,78.4456547905947,0,0.0062316639805573,-8.73999283229868
Disconnected,193,100.810429821724,100.816904889077,89.3230479097688,0,0.00647506735329273,-11.4873819119548
Disconnected,194,111.692482518094,111.692228133461,133.020293785099,0,-0.000254384633251448,21.3278112670047
Disconnected,195,118.44538117276,118.446349084473,126.406435548482,0,0.000967911712251635,7.96105437572128
Disconnected,196,112.945218209498,112.954905703103,144.016770775482,0,0.00968749360505683,31.0715525659846
Disconnected,197,105.47124214237,105.468795760512,98.3552209978612,0,-0.0024463818577658,-7.11602114450888
Disconnected,198,130.471568400731,130.468539117945,159.413174295899,0,-0.00302928278509285,28.9416058951681
Disconnected,199,125.535023466859,125.536067750634,159.211218254291,0,0.00104428377497356,33.676194787432
Disconnected,200,102.892750889706,102.894876004242,101.857438498746,0,0.00212511453555919,-1.03531239096048
