Network,Method,MeanLoss,StdLoss,MeanDelta,NonfiniteLossCount
Random,GURA,118.326712932486,10.3488543003227,0,0
Random,GRA,118.327676910301,10.3481781719671,0.000963977814935291,0
Random,RRA,128.499144521673,23.2371764057229,10.1724315891874,0
Regular,GURA,109.509027362052,10.1569053519077,0,0
Regular,GRA,109.509679644254,10.1559116783793,0.000652282201819503,0
Regular,RRA,118.876565330549,20.6512567299562,9.36753796849633,0
Clustered,GURA,115.040671929958,10.063757629961,0,0
Clustered,GRA,115.042324239048,10.0620145537211,0.00165230909006254,0
Clustered,RRA,128.720237413712,26.5765141949535,13.6795654837545,0
Disconnected,GURA,113.724967362412,11.7832553733838,0,0
Disconnected,GRA,113.729368665198,11.7813116303266,0.00440130278576227,0
Disconnected,RRA,127.492371513308,25.4739986031539,13.767404150896,0
