Topology,TargetDegree,N,Runs,ConvergedFraction,MedianTerminationSeconds,SDTerminationSeconds,MedianConvergedSeconds,MedianSweeps,MedianModeledBytes
Random,6,200,3,1,0.0880865,0.0331155553377058,0.0880865,55,10674400
Random,6,400,3,1,0.35030725,0.208378003995095,0.35030725,105,40356800
Random,6,600,3,1,0.5882545,0.223139366705815,0.5882545,150,86196000
Random,6,800,3,1,0.825403041666667,0.243460320175639,0.825403041666667,185,141539200
Random,6,1000,3,1,0.8132665,0.568270391951414,0.8132665,145,138908000
Random,6,1200,3,1,0.971761,0.575692091575593,0.971761,135,155284800
Random,6,1400,3,1,1.21002425,0.608455464651816,1.21002425,150,201124000
Random,6,1600,3,1,2.41693541666667,0.155178596582466,2.41693541666667,275,419936000
Random,6,1800,3,1,2.35597891666667,0.671895642557563,2.35597891666667,180,309909600
Random,6,2000,3,1,2.56659604166667,1.91803842549234,2.56659604166667,180,344344000
Random,6,2200,3,1,3.5941565,0.665887188136448,3.5941565,210,441504800
Random,6,2400,3,1,5.33418591666667,1.41485973762991,5.33418591666667,285,652713600
Random,6,2600,3,1,4.382020625,0.687240079430204,4.382020625,290,719461600
Random,6,2800,3,1,5.10594279166667,1.34424747983414,5.10594279166667,320,854638400
Random,6,3000,3,1,3.99905529166667,0.374167582022252,3.99905529166667,225,644820000
Random,6,3200,3,1,3.06434454166667,1.72590646707485,3.06434454166667,175,535744000
Random,6,3400,3,1,4.52853816666667,0.785489119183353,4.52853816666667,240,779266400
Random,6,3600,3,1,5.40482208333333,1.14830776447975,5.40482208333333,275,944856000
Random,6,3800,3,1,4.27729729166667,0.992388270852164,4.27729729166667,205,744541600
Random,6,4000,3,1,3.86040566666667,0.515934519116506,3.86040566666667,175,669680000
Random,6,4200,3,1,9.57451633333333,1.43503817786655,9.57451633333333,405,1621250400
Random,6,4400,3,1,7.66851233333333,2.60032368433644,7.66851233333333,315,1322094400
Random,6,4600,3,1,7.78482475,1.87684132539547,7.78482475,310,1360330400
Random,6,4800,3,1,6.66458716666667,2.03717439985451,6.66458716666667,255,1168569600
Random,6,5000,3,1,6.80806254166667,2.25484810965501,6.80806254166667,255,1217260000
Random,6,5200,3,1,9.9086245,1.41690155472703,9.9086245,255,1265950400
Random,6,5400,3,1,10.560140125,1.69304137113099,10.560140125,255,1314640800
Random,6,5600,3,1,14.7154400416667,4.09373082077525,14.7154400416667,355,1895555200
Random,6,5800,3,1,8.87786879166667,1.78151065393908,8.87786879166667,245,1356898400
Random,6,6000,3,1,8.746564125,3.70951178077743,8.746564125,255,1460712000
Random,6,6200,3,1,9.60005904166667,0.772986678554073,9.60005904166667,265,1568327200
Random,6,6400,3,1,10.62250025,1.52765023616365,10.62250025,290,1770982400
Random,6,6600,3,1,11.4163642083333,3.52745788255899,11.4163642083333,305,1920415200
Random,6,6800,3,1,8.97680779166667,1.98668976784041,8.97680779166667,250,1623160000
Random,6,7000,3,1,11.7371493333333,2.70373948238914,11.7371493333333,280,1870484000
Random,6,7200,3,1,11.6267208333333,2.20841537348087,11.6267208333333,280,1923926400
Random,6,7400,3,1,9.03820141666667,4.2139102010946,9.03820141666667,230,1625720800
Random,6,7600,3,1,10.9602530416667,5.48311454466392,10.9602530416667,245,1778004800
Random,6,7800,3,1,17.5708113333333,0.596173320942277,17.5708113333333,350,2603172000
Random,6,8000,3,1,12.350425125,4.55337304823625,12.350425125,265,2023648000
Random,6,8200,3,1,13.9706570833333,1.53586448328871,13.9706570833333,250,1957340000
Random,6,8400,3,1,20.8056684583333,3.89484430405969,20.8056684583333,345,2763499200
Random,6,8600,3,1,15.2998658333333,3.41211477020949,15.2998658333333,300,2461492000
Random,6,8800,3,1,17.45371325,4.6340672951599,17.45371325,245,2058742400
Random,6,9000,3,1,15.2061786666667,1.55598902353069,15.2061786666667,300,2575980000
Random,6,9200,3,1,12.5256766666667,2.01464180436529,12.5256766666667,265,2327195200
Random,6,9400,3,1,13.444136625,9.45641832737359,13.444136625,280,2511792800
Random,6,9600,3,1,19.7325137083333,12.9318528322437,19.7325137083333,290,2656473600
Random,6,9800,3,1,19.5570855833333,3.76220395730598,19.5570855833333,360,3363791200
Random,6,10000,3,1,13.0374976666667,2.77723654345552,13.0374976666667,245,2339480000
Regular,6,200,3,1,0.147698083333333,0.107929452696936,0.147698083333333,130,24930400
Regular,6,400,3,1,0.183536166666667,0.0695905159777313,0.183536166666667,85,32753600
Regular,6,600,3,1,0.332542541666667,0.114700859601971,0.332542541666667,105,60535200
Regular,6,800,3,1,0.665019125,0.21629906087024,0.665019125,165,126332800
Regular,6,1000,3,1,1.34218475,0.494853495849061,1.34218475,270,257708000
Regular,6,1200,3,1,1.32205495833333,0.847125177655963,1.32205495833333,210,240820800
Regular,6,1400,3,1,1.29695158333333,0.950387574282441,1.29695158333333,175,234388000
Regular,6,1600,3,1,1.045865875,0.93260199054591,1.045865875,125,191840000
Regular,6,1800,3,1,1.4799995,0.0434749699662924,1.4799995,165,284248800
Regular,6,2000,3,1,1.96377675,0.291228803168697,1.96377675,200,382360000
Regular,6,2200,3,1,0.971723625,1.0149847777904,0.971723625,85,180144800
Regular,6,2400,3,1,2.74971695833333,0.654040633288965,2.74971695833333,225,515856000
Regular,6,2600,3,1,2.02684316666667,1.34483218180621,2.02684316666667,150,373516000
Regular,6,2800,3,1,2.90208233333333,1.93529681065612,2.90208233333333,210,561915200
Regular,6,3000,3,1,3.94675795833333,0.649922268527721,3.94675795833333,265,758868000
Regular,6,3200,3,1,2.93290625,0.44438847861277,2.93290625,195,596569600
Regular,6,3400,3,1,4.16423583333333,1.28951689536108,4.16423583333333,270,876207200
Regular,6,3600,3,1,5.01116345833333,0.670020384089029,5.01116345833333,190,654033600
Regular,6,3800,3,1,6.3992145,3.19656237028931,6.3992145,200,726484000
Regular,6,4000,3,1,8.87665966666667,2.6699345287723,8.87665966666667,235,897776000
Regular,6,4200,3,1,6.48141683333333,1.37939254878341,6.48141683333333,195,782997600
Regular,6,4400,3,1,5.29351083333333,1.76438324879606,5.29351083333333,215,903918400
Regular,6,4600,3,1,3.77524945833333,0.29189778743292,3.77524945833333,165,726413600
Regular,6,4800,3,1,7.26552170833333,2.00805265951019,7.26552170833333,270,1236998400
Regular,6,5000,3,1,6.02480779166667,1.47195847012666,6.02480779166667,245,1169740000
Regular,6,5200,3,1,6.27442270833333,0.983664173159981,6.27442270833333,225,1117688000
Regular,6,5400,3,1,6.79132633333333,0.677243961225663,6.79132633333333,250,1288980000
Regular,6,5600,3,1,5.58781195833333,2.062498716489,5.58781195833333,205,1097219200
Regular,6,5800,3,1,9.833004625,2.57108530966996,9.833004625,320,1770322400
Regular,6,6000,3,1,8.333479625,1.62197822246993,8.333479625,210,1204104000
Regular,6,6200,3,1,8.648464625,3.1557211654968,8.648464625,255,1509402400
Regular,6,6400,3,1,11.477453,3.32251579301306,11.477453,285,1740569600
Regular,6,6600,3,1,9.79219604166667,1.84941986015172,9.79219604166667,190,1199061600
Regular,6,6800,3,1,8.83095745833333,5.52086266730501,8.83095745833333,235,1526219200
Regular,6,7000,3,1,10.1106010416667,2.12838562677322,10.1106010416667,285,1903748000
Regular,6,7200,3,1,12.8415829583333,1.65628010081044,12.8415829583333,240,1650211200
Regular,6,7400,3,1,7.57630233333333,4.56324849784078,7.57630233333333,200,1414732000
Regular,6,7600,3,1,12.3028895833333,1.73741576249893,12.3028895833333,330,2391963200
Regular,6,7800,3,1,11.0353974583333,1.2629658353502,11.0353974583333,275,2047188000
Regular,6,8000,3,1,13.6341435833333,3.39152922378232,13.6341435833333,285,2175712000
Regular,6,8200,3,1,13.197408375,2.28234945301105,13.197408375,320,2502869600
Regular,6,8400,3,1,9.98298658333333,3.46834609560799,9.98298658333333,225,1805496000
Regular,6,8600,3,1,13.1886744583333,4.74527116454087,13.1886744583333,290,2379757600
Regular,6,8800,3,1,17.3099476666667,1.2131984581456,17.3099476666667,265,2226012800
Regular,6,9000,3,1,16.170229125,5.6852249687412,16.170229125,230,1977228000
Regular,6,9200,3,1,27.9223650833333,5.92800476216135,27.9223650833333,385,3376436800
Regular,6,9400,3,1,18.7125414583333,4.87892985709632,18.7125414583333,280,2511792800
Regular,6,9600,3,1,12.963522875,3.06579076751609,12.963522875,220,2017804800
Regular,6,9800,3,1,10.4203837083333,2.35143456685229,10.4203837083333,205,1920133600
Regular,6,10000,3,1,14.309583375,3.32269137227579,14.309583375,305,2909720000
Clustered,6,200,3,1,0.0786889166666667,0.0469874139809409,0.0786889166666667,80,15426400
Clustered,6,400,3,1,0.289915166666667,0.116790901048649,0.289915166666667,145,55563200
Clustered,6,600,3,1,0.604111666666667,0.217712986287582,0.604111666666667,200,114708000
Clustered,6,800,3,1,0.3523685,0.197470526161858,0.3523685,85,65507200
Clustered,6,1000,3,1,0.82738525,0.424524789374769,0.82738525,165,157916000
Clustered,6,1200,3,1,1.40522479166667,0.633691080383983,1.40522479166667,235,269332800
Clustered,6,1400,3,1,1.28017670833333,0.254200810592984,1.28017670833333,185,247693600
Clustered,6,1600,3,1,1.49614966666667,0.00897703572171567,1.49614966666667,185,283078400
Clustered,6,1800,3,1,2.68515770833333,0.836596968205059,2.68515770833333,310,532303200
Clustered,6,2000,3,1,1.56646229166667,0.65027774583235,1.56646229166667,160,306328000
Clustered,6,2200,3,1,2.16684570833333,1.70047385759479,2.16684570833333,200,420596000
Clustered,6,2400,3,1,2.15987558333333,1.72644426641229,2.15987558333333,200,458832000
Clustered,6,2600,3,1,3.96518041666667,1.45847987486938,3.96518041666667,260,645330400
Clustered,6,2800,3,1,2.31406845833333,0.321370356690051,2.31406845833333,160,428859200
Clustered,6,3000,3,1,3.2246945,0.623103139318761,3.2246945,200,573540000
Clustered,6,3200,3,1,3.63006375,1.19567345464696,3.63006375,205,626982400
Clustered,6,3400,3,1,4.00126233333333,1.52455427370591,4.00126233333333,235,763109600
Clustered,6,3600,3,1,4.5660165,1.12390936839741,4.5660165,260,893534400
Clustered,6,3800,3,1,5.52444058333333,1.30350717431276,5.52444058333333,285,1033463200
Clustered,6,4000,3,1,4.98661316666667,1.54217195806197,4.98661316666667,250,954800000
Clustered,6,4200,3,1,6.00933116666667,1.38237866690621,6.00933116666667,290,1162207200
Clustered,6,4400,3,1,4.8043185,0.158049163289643,4.8043185,225,945736000
Clustered,6,4600,3,1,6.41226966666667,2.66698865225439,6.41226966666667,255,1119879200
Clustered,6,4800,3,1,5.51940254166667,0.679175297629059,5.51940254166667,225,1031712000
Clustered,6,5000,3,1,5.64447279166667,0.969632498058878,5.64447279166667,230,1098460000
Clustered,6,5200,3,1,5.15988254166667,0.793469019046849,5.15988254166667,205,1018846400
Clustered,6,5400,3,1,6.626779375,1.46241788933197,6.626779375,240,1237658400
Clustered,6,5600,3,1,10.493210875,2.75417339017539,10.493210875,385,2055222400
Clustered,6,5800,3,1,6.44292016666667,3.4411933722386,6.44292016666667,235,1301775200
Clustered,6,6000,3,1,7.35597608333333,2.50415046844116,7.35597608333333,210,1204104000
Clustered,6,6200,3,1,13.5093440416667,2.20520374326634,13.5093440416667,380,2245962400
Clustered,6,6400,3,1,9.66594391666667,5.16759654585577,9.66594391666667,280,1710156800
Clustered,6,6600,3,1,9.73425329166667,1.3978841933485,9.73425329166667,280,1763599200
Clustered,6,6800,3,1,9.32648929166667,0.691278060073729,9.32648929166667,255,1655473600
Clustered,6,7000,3,1,10.675735,2.26748889047352,10.675735,205,1371524000
Clustered,6,7200,3,1,11.8732691666667,6.29950403586302,11.8732691666667,305,2094998400
Clustered,6,7400,3,1,8.18742495833333,5.76028076473436,8.18742495833333,220,1555391200
Clustered,6,7600,3,1,14.072477375,1.68911788524473,14.072477375,290,2103041600
Clustered,6,7800,3,1,19.93273075,3.51237510003614,19.93273075,355,2640237600
Clustered,6,8000,3,1,17.3329426666667,5.80339702640967,17.3329426666667,280,2137696000
Clustered,6,8200,3,1,16.5175345416667,6.87115797855029,16.5175345416667,290,2269071200
Clustered,6,8400,3,1,19.9726072916667,0.417397377599303,19.9726072916667,320,2563915200
Clustered,6,8600,3,1,17.593878,4.34912189230022,17.593878,380,3115367200
Clustered,6,8800,3,1,9.87812195833333,0.863865380765358,9.87812195833333,215,1807836800
Clustered,6,9000,3,1,13.4804720833333,2.45527394758879,13.4804720833333,275,2362140000
Clustered,6,9200,3,1,13.094910375,2.12834739717234,13.094910375,275,2414632000
Clustered,6,9400,3,1,16.0590330833333,2.54151974901142,16.0590330833333,340,3047818400
Clustered,6,9600,3,1,16.7630457916667,2.19898992705698,16.7630457916667,355,3249523200
Clustered,6,9800,3,1,14.9469933333333,3.19538515762241,14.9469933333333,295,2758386400
Clustered,6,10000,3,1,11.6225462916667,5.99625691403695,11.6225462916667,230,2196920000
Disconnected,6,200,3,1,0.0858845833333333,0.102791200009263,0.0858845833333333,90,17327200
Disconnected,6,400,3,1,0.115978833333333,0.142352417140551,0.115978833333333,55,21348800
Disconnected,6,600,3,1,0.709847958333333,0.365478484874091,0.709847958333333,225,128964000
Disconnected,6,800,3,1,0.722182416666667,0.415841512874924,0.722182416666667,180,137737600
Disconnected,6,1000,3,1,1.21905341666667,0.392293583288508,1.21905341666667,245,233948000
Disconnected,6,1200,3,1,0.957151375,0.220153209504815,0.957151375,160,183796800
Disconnected,6,1400,3,1,1.48536254166667,0.579400427833651,1.48536254166667,215,287610400
Disconnected,6,1600,3,1,0.983641708333333,0.505848658298103,0.983641708333333,125,191840000
Disconnected,6,1800,3,1,1.03986004166667,0.765692363889081,1.03986004166667,120,207266400
Disconnected,6,2000,3,1,2.32821791666667,0.981280745061875,2.32821791666667,240,458392000
Disconnected,6,2200,3,1,2.14092916666667,0.217472427575866,2.14092916666667,200,420596000
Disconnected,6,2400,3,1,2.04078408333333,0.555167084781476,2.04078408333333,170,390403200
Disconnected,6,2600,3,1,2.02880970833333,0.145786408082484,2.02880970833333,160,398226400
Disconnected,6,2800,3,1,2.46539945833333,0.250213435039029,2.46539945833333,180,482081600
Disconnected,6,3000,3,1,4.23992225,1.0704176322219,4.23992225,300,858660000
Disconnected,6,3200,3,1,4.65040695833333,1.6561000860657,4.65040695833333,305,931110400
Disconnected,6,3400,3,1,5.28252258333333,1.71897457972311,5.28252258333333,335,1086245600
Disconnected,6,3600,3,1,3.59318558333333,2.01796415454807,3.59318558333333,200,688248000
Disconnected,6,3800,3,1,3.877142625,1.14712158960942,3.877142625,210,762599200
Disconnected,6,4000,3,1,5.73870595833333,1.17339133143242,5.73870595833333,300,1144880000
Disconnected,6,4200,3,1,4.32650579166667,1.51707716997591,4.32650579166667,215,862831200
Disconnected,6,4400,3,1,6.16570341666667,1.36769429867303,6.16570341666667,300,1259368000
Disconnected,6,4600,3,1,5.992734875,2.68660167373492,5.992734875,275,1207316000
Disconnected,6,4800,3,1,4.73470183333333,1.75161141172816,4.73470183333333,205,940473600
Disconnected,6,5000,3,1,6.30094241666667,1.42665169541729,6.30094241666667,265,1264780000
Disconnected,6,5200,3,1,6.66814166666667,4.09616824214045,6.66814166666667,270,1340081600
Disconnected,6,5400,3,1,6.97450279166667,1.85254358425943,6.97450279166667,260,1340301600
Disconnected,6,5600,3,1,5.71337745833333,0.832122821941639,5.71337745833333,210,1123830400
Disconnected,6,5800,3,1,6.73603070833333,6.31461414410802,6.73603070833333,240,1329336800
Disconnected,6,6000,3,1,6.96631004166667,0.635994240755188,6.96631004166667,240,1375176000
Disconnected,6,6200,3,1,7.19776829166667,2.60216004058346,7.19776829166667,240,1421015200
Disconnected,6,6400,3,1,9.20434125,2.68828519091163,9.20434125,275,1679744000
Disconnected,6,6600,3,1,7.90513308333333,2.52624994731354,7.90513308333333,245,1544056800
Disconnected,6,6800,3,1,7.2928195,3.37360628642021,7.2928195,220,1429278400
Disconnected,6,7000,3,1,9.84082470833333,1.53124418333189,9.84082470833333,290,1937012000
Disconnected,6,7200,3,1,13.442755125,3.23681006531858,13.442755125,380,2608214400
Disconnected,6,7400,3,1,8.998163875,5.18302165930769,8.998163875,255,1801544800
Disconnected,6,7600,3,1,9.37276833333333,1.19232791820775,9.37276833333333,255,1850235200
Disconnected,6,7800,3,1,14.0067572083333,2.21077051250605,14.0067572083333,400,2973828000
Disconnected,6,8000,3,1,8.962235875,2.12313030684128,8.962235875,250,1909600000
Disconnected,6,8200,3,1,10.404129375,1.47741136124198,10.404129375,275,2152172000
Disconnected,6,8400,3,1,11.3790062916667,1.1542906654533,11.3790062916667,290,2324414400
Disconnected,6,8600,3,1,11.6667384583333,3.24109126311742,11.6667384583333,305,2502359200
Disconnected,6,8800,3,1,13.1004256666667,2.01748900786376,13.1004256666667,340,2853276800
Disconnected,6,9000,3,1,10.6063155416667,1.21447568664596,10.6063155416667,255,2191068000
Disconnected,6,9200,3,1,13.387630125,2.86906781616786,13.387630125,320,2808097600
Disconnected,6,9400,3,1,13.0383851666667,2.14521790634179,13.0383851666667,295,2645799200
Disconnected,6,9600,3,1,17.189673875,4.75065133597889,17.189673875,390,3568857600
Disconnected,6,9800,3,1,13.2749410416667,4.18954721367498,13.2749410416667,290,2711816800
Disconnected,6,10000,3,1,15.6244520833333,0.963790154427064,15.6244520833333,340,3242360000
