Topology,Series,Metric,Parameter,Runs,Mean,SD,InfiniteRuns,MissingRuns,SolverFailure
Random,GURA,Utility,10,20,63.061617118478,1.73150828850095,0,0,0
Random,GURA,Utility,20,20,80.0201950407637,2.15242924648331,0,0,0
Random,GURA,Utility,30,20,90.2845085631728,2.40729126064352,0,0,0
Random,GURA,Utility,40,20,97.6679149130438,2.59067671606641,0,0,0
Random,GURA,Utility,50,20,103.438132623367,2.73402756805223,0,0,0
Random,GURA,Utility,60,20,108.175221589927,2.85173318737766,0,0,0
Random,GURA,Utility,70,20,112.193555306833,2.95159409338195,0,0,0
Random,GURA,Utility,80,20,115.682785231882,3.03831669288291,0,0,0
Random,GURA,Utility,90,20,118.766174679797,3.1149603740653,0,0,0
Random,GURA,Utility,100,20,121.528371886237,3.18362638901971,0,0,0
Random,GRA,Utility,10,20,63.060596646372,1.73152378624867,0,0,0
Random,GRA,Utility,20,20,80.0190661021907,2.15253166971165,0,0,0
Random,GRA,Utility,30,20,90.2833504086591,2.40742763469424,0,0,0
Random,GRA,Utility,40,20,97.6667365612938,2.59082056482574,0,0,0
Random,GRA,Utility,50,20,103.436955511316,2.73416719362163,0,0,0
Random,GRA,Utility,60,20,108.174031499256,2.85187466122727,0,0,0
Random,GRA,Utility,70,20,112.192361909554,2.95174246115188,0,0,0
Random,GRA,Utility,80,20,115.68158191015,3.03846212712958,0,0,0
Random,GRA,Utility,90,20,118.764971254073,3.11510598928816,0,0,0
Random,GRA,Utility,100,20,121.527165213203,3.18377363113099,0,0,0
Random,RRA,Utility,10,20,58.2414129558252,1.43852407783097,0,0,0
Random,RRA,Utility,20,20,75.0306694616531,1.85579954509597,0,0,0
Random,RRA,Utility,30,20,85.2300543378884,2.10951618882182,0,0,0
Random,RRA,Utility,40,20,92.5790430489264,2.29240552936308,0,0,0
Random,RRA,Utility,50,20,98.3279184366356,2.43551172633738,0,0,0
Random,RRA,Utility,60,20,103.050472428078,2.55309130061217,0,0,0
Random,RRA,Utility,70,20,107.058266806421,2.65288869940941,0,0,0
Random,RRA,Utility,80,20,110.539503209025,2.73958348076058,0,0,0
Random,RRA,Utility,90,20,113.616621321439,2.81622078577898,0,0,0
Random,RRA,Utility,100,20,116.373766595127,2.88489375682707,0,0,0
Regular,GURA,Utility,10,20,64.159725811348,1.38212625993744,0,0,0
Regular,GURA,Utility,20,20,81.1460033139606,1.70068209535396,0,0,0
Regular,GURA,Utility,30,20,91.4111275546177,1.89409351585896,0,0,0
Regular,GURA,Utility,40,20,98.7903348632283,2.03340419244106,0,0,0
Regular,GURA,Utility,50,20,104.555198274103,2.14236282608977,0,0,0
Regular,GURA,Utility,60,20,109.286806231574,2.23186214765071,0,0,0
Regular,GURA,Utility,70,20,113.299850804564,2.30781356153283,0,0,0
Regular,GURA,Utility,80,20,116.784079496199,2.37378605274993,0,0,0
Regular,GURA,Utility,90,20,119.862772647082,2.43210076797591,0,0,0
Regular,GURA,Utility,100,20,122.620566662198,2.48435268965143,0,0,0
Regular,GRA,Utility,10,20,64.1597047569963,1.38213049716994,0,0,0
Regular,GRA,Utility,20,20,81.1459976300255,1.70068295041712,0,0,0
Regular,GRA,Utility,30,20,91.4111235707462,1.89409398732208,0,0,0
Regular,GRA,Utility,40,20,98.7903305031104,2.03340530250892,0,0,0
Regular,GRA,Utility,50,20,104.555195450603,2.14236429932858,0,0,0
Regular,GRA,Utility,60,20,109.286798380033,2.2318731013961,0,0,0
Regular,GRA,Utility,70,20,113.299848424414,2.30781498222458,0,0,0
Regular,GRA,Utility,80,20,116.784077189542,2.37378738901254,0,0,0
Regular,GRA,Utility,90,20,119.86276667629,2.43210863510404,0,0,0
Regular,GRA,Utility,100,20,122.620561326312,2.48436012606768,0,0,0
Regular,RRA,Utility,10,20,59.3650943315564,1.09380956699687,0,0,0
Regular,RRA,Utility,20,20,76.1981474536147,1.41124797949872,0,0,0
Regular,RRA,Utility,30,20,86.4054782344531,1.60446465218491,0,0,0
Regular,RRA,Utility,40,20,93.75432495373,1.74380960742266,0,0,0
Regular,RRA,Utility,50,20,99.5004706834429,1.85287292882041,0,0,0
Regular,RRA,Utility,60,20,104.219383152595,1.94249761890861,0,0,0
Regular,RRA,Utility,70,20,108.223250704798,2.01857712090959,0,0,0
Regular,RRA,Utility,80,20,111.700535933583,2.08467389429741,0,0,0
Regular,RRA,Utility,90,20,114.773792192246,2.14310679406122,0,0,0
Regular,RRA,Utility,100,20,117.527213444403,2.19547007187406,0,0,0
Clustered,GURA,Utility,10,20,62.399910352722,1.57213592089239,0,0,0
Clustered,GURA,Utility,20,20,79.248728550229,1.9498856844561,0,0,0
Clustered,GURA,Utility,30,20,89.4489781577607,2.1791969103566,0,0,0
Clustered,GURA,Utility,40,20,96.7869797398463,2.34435725547298,0,0,0
Clustered,GURA,Utility,50,20,102.522000116321,2.47352942113047,0,0,0
Clustered,GURA,Utility,60,20,107.230342438335,2.57962850520326,0,0,0
Clustered,GURA,Utility,70,20,111.224378258389,2.66966347750455,0,0,0
Clustered,GURA,Utility,80,20,114.692564657188,2.74786632869732,0,0,0
Clustered,GURA,Utility,90,20,117.757395420813,2.8169896402626,0,0,0
Clustered,GURA,Utility,100,20,120.502993499449,2.87892479596623,0,0,0
Clustered,GRA,Utility,10,20,62.3989222110614,1.57221649153168,0,0,0
Clustered,GRA,Utility,20,20,79.2476711358921,1.94998459088435,0,0,0
Clustered,GRA,Utility,30,20,89.4478964121457,2.17930203609599,0,0,0
Clustered,GRA,Utility,40,20,96.7858587672783,2.34446374243572,0,0,0
Clustered,GRA,Utility,50,20,102.520893792745,2.47362733533049,0,0,0
Clustered,GRA,Utility,60,20,107.229229869919,2.57972936983829,0,0,0
Clustered,GRA,Utility,70,20,111.223261022363,2.66976168368616,0,0,0
Clustered,GRA,Utility,80,20,114.691449677679,2.74796273469019,0,0,0
Clustered,GRA,Utility,90,20,117.756278144008,2.81708593624328,0,0,0
Clustered,GRA,Utility,100,20,120.501871706031,2.8790208401515,0,0,0
Clustered,RRA,Utility,10,20,57.3170380376103,1.37335554091767,0,0,0
Clustered,RRA,Utility,20,20,73.9414349107653,1.75347533335763,0,0,0
Clustered,RRA,Utility,30,20,84.0554226280223,1.98373255749082,0,0,0
Clustered,RRA,Utility,40,20,91.3476904431477,2.1494580822897,0,0,0
Clustered,RRA,Utility,50,20,97.0543588053165,2.27902546472562,0,0,0
Clustered,RRA,Utility,60,20,101.743398269041,2.38542475082163,0,0,0
Clustered,RRA,Utility,70,20,105.723441732557,2.47569963723176,0,0,0
Clustered,RRA,Utility,80,20,109.18101884441,2.55410112055116,0,0,0
Clustered,RRA,Utility,90,20,112.237528160322,2.62339306681277,0,0,0
Clustered,RRA,Utility,100,20,114.976424273652,2.68547403555281,0,0,0
Disconnected,GURA,Utility,10,20,63.4818101841741,1.23453893161698,0,0,0
Disconnected,GURA,Utility,20,20,80.5630562421925,1.52654034329924,0,0,0
Disconnected,GURA,Utility,30,20,90.9009500581173,1.70409470405524,0,0,0
Disconnected,GURA,Utility,40,20,98.3370673849662,1.83207583487661,0,0,0
Disconnected,GURA,Utility,50,20,104.148384222968,1.93221591061053,0,0,0
Disconnected,GURA,Utility,60,20,108.919164148769,2.0144944615043,0,0,0
Disconnected,GURA,Utility,70,20,112.966047599007,2.08433168918453,0,0,0
Disconnected,GURA,Utility,80,20,116.48004923695,2.14500204075422,0,0,0
Disconnected,GURA,Utility,90,20,119.5853164904,2.19863616375105,0,0,0
Disconnected,GURA,Utility,100,20,122.367103532157,2.24669852891907,0,0,0
Disconnected,GRA,Utility,10,20,63.4813023339219,1.23454857665488,0,0,0
Disconnected,GRA,Utility,20,20,80.5625080972331,1.52655825670453,0,0,0
Disconnected,GRA,Utility,30,20,90.9003714048215,1.70410843983555,0,0,0
Disconnected,GRA,Utility,40,20,98.3364752485691,1.83208369069397,0,0,0
Disconnected,GRA,Utility,50,20,104.147794778119,1.93222800202897,0,0,0
Disconnected,GRA,Utility,60,20,108.91856914843,2.01450636767102,0,0,0
Disconnected,GRA,Utility,70,20,112.965449078628,2.08434513321017,0,0,0
Disconnected,GRA,Utility,80,20,116.479457742373,2.14501463854298,0,0,0
Disconnected,GRA,Utility,90,20,119.584719231338,2.19865023383694,0,0,0
Disconnected,GRA,Utility,100,20,122.366500342969,2.24671228532021,0,0,0
Disconnected,RRA,Utility,10,20,58.053746574308,0.990190789688728,0,0,0
Disconnected,RRA,Utility,20,20,74.8884032110218,1.28152025758911,0,0,0
Disconnected,RRA,Utility,30,20,85.1313389361342,1.45900698186704,0,0,0
Disconnected,RRA,Utility,40,20,92.5170097493055,1.58704881411843,0,0,0
Disconnected,RRA,Utility,50,20,98.2969930031793,1.68728230690266,0,0,0
Disconnected,RRA,Utility,60,20,103.046403151465,1.76965990002831,0,0,0
Disconnected,RRA,Utility,70,20,107.077771970647,1.83959307121235,0,0,0
Disconnected,RRA,Utility,80,20,110.579993390115,1.90035370805758,0,0,0
Disconnected,RRA,Utility,90,20,113.676008811101,1.95407186466032,0,0,0
Disconnected,RRA,Utility,100,20,116.450335760578,2.00221215641687,0,0,0
Random,GURA,Loss,10,20,117.797899322296,2.77724538727854,0,0,0
Random,GURA,Loss,20,20,90.9387368661083,2.12321422771663,0,0,0
Random,GURA,Loss,30,20,80.0578832589682,1.87154201403138,0,0,0
Random,GURA,Loss,40,20,73.7468912459287,1.72702560598396,0,0,0
Random,GURA,Loss,50,20,69.4800471112458,1.62964088136924,0,0,0
Random,GURA,Loss,60,20,66.3356934510161,1.557975320378,0,0,0
Random,GURA,Loss,70,20,63.8867634024396,1.50217277420334,0,0,0
Random,GURA,Loss,80,20,61.9045580792555,1.45700607857998,0,0,0
Random,GURA,Loss,90,20,60.2539841641135,1.41938473474832,0,0,0
Random,GURA,Loss,100,20,58.8493447871006,1.38735828733387,0,0,0
Random,GRA,Loss,10,20,117.801751694054,2.77690933303147,0,0,0
Random,GRA,Loss,20,20,90.9412336540503,2.12263393352263,0,0,0
Random,GRA,Loss,30,20,80.0595926334947,1.87110670425208,0,0,0
Random,GRA,Loss,40,20,73.7483174125651,1.72663581533444,0,0,0
Random,GRA,Loss,50,20,69.4812762636864,1.62932921831769,0,0,0
Random,GRA,Loss,60,20,66.3367850973991,1.55769610538347,0,0,0
Random,GRA,Loss,70,20,63.8877884070906,1.50192166603516,0,0,0
Random,GRA,Loss,80,20,61.9055315545844,1.45678184829944,0,0,0
Random,GRA,Loss,90,20,60.2548916587293,1.41916540118521,0,0,0
Random,GRA,Loss,100,20,58.8502087731386,1.3871433052872,0,0,0
Random,RRA,Loss,10,20,124.422168895117,3.19654118966306,0,0,0
Random,RRA,Loss,20,20,95.7817663813338,2.43993155414811,0,0,0
Random,RRA,Loss,30,20,84.0348048713971,2.13380797728837,0,0,0
Random,RRA,Loss,40,20,77.2169743148759,1.95717701802958,0,0,0
Random,RRA,Loss,50,20,72.6119323002197,1.83827639597002,0,0,0
Random,RRA,Loss,60,20,69.2226883545152,1.75096403776488,0,0,0
Random,RRA,Loss,70,20,66.5863950554433,1.68315962012929,0,0,0
Random,RRA,Loss,80,20,64.4550675387838,1.6284113465237,0,0,0
Random,RRA,Loss,90,20,62.6822398025131,1.58291760547766,0,0,0
Random,RRA,Loss,100,20,61.1750530238087,1.54427259985369,0,0,0
Regular,GURA,Loss,10,20,114.761862451101,2.32887259113199,0,0,0
Regular,GURA,Loss,20,20,88.78022842436,1.82995930108772,0,0,0
Regular,GURA,Loss,30,20,78.254781437618,1.62530451799332,0,0,0
Regular,GURA,Loss,40,20,72.143884213344,1.50569016621747,0,0,0
Regular,GURA,Loss,50,20,68.008815816624,1.42432572379168,0,0,0
Regular,GURA,Loss,60,20,64.9595423749291,1.36400076367002,0,0,0
Regular,GURA,Loss,70,20,62.5833218783699,1.31679912937597,0,0,0
Regular,GURA,Loss,80,20,60.6590454604029,1.27847181467698,0,0,0
Regular,GURA,Loss,90,20,59.0560530462268,1.24645790082795,0,0,0
Regular,GURA,Loss,100,20,57.6914141943603,1.21914879472131,0,0,0
Regular,GRA,Loss,10,20,114.761540818706,2.32852689428946,0,0,0
Regular,GRA,Loss,20,20,88.7802271842699,1.82972486652117,0,0,0
Regular,GRA,Loss,30,20,78.2547542211796,1.62522397528636,0,0,0
Regular,GRA,Loss,40,20,72.1438274037587,1.50567577744718,0,0,0
Regular,GRA,Loss,50,20,68.0087990317991,1.42430793422181,0,0,0
Regular,GRA,Loss,60,20,64.9595372226163,1.3639581214904,0,0,0
Regular,GRA,Loss,70,20,62.5833228520078,1.31675942164887,0,0,0
Regular,GRA,Loss,80,20,60.6590550864786,1.27843197589064,0,0,0
Regular,GRA,Loss,90,20,59.0560635345401,1.24642857603239,0,0,0
Regular,GRA,Loss,100,20,57.6914230573971,1.21913364789082,0,0,0
Regular,RRA,Loss,10,20,120.070804833448,3.12624825727094,0,0,0
Regular,RRA,Loss,20,20,92.8979760511572,2.34890283655576,0,0,0
Regular,RRA,Loss,30,20,81.6939010844136,2.03811935914389,0,0,0
Regular,RRA,Loss,40,20,75.1716496912737,1.86027087441409,0,0,0
Regular,RRA,Loss,50,20,70.7573086768905,1.74127411063813,0,0,0
Regular,RRA,Loss,60,20,67.5035356032658,1.65430091635757,0,0,0
Regular,RRA,Loss,70,20,64.9696427613578,1.58701522618816,0,0,0
Regular,RRA,Loss,80,20,62.9191462383638,1.53285618470714,0,0,0
Regular,RRA,Loss,90,20,61.21219405009,1.48797176976322,0,0,0
Regular,RRA,Loss,100,20,59.7600257049624,1.44993187593965,0,0,0
Clustered,GURA,Loss,10,20,117.058286914399,2.46849621721213,0,0,0
Clustered,GURA,Loss,20,20,90.1796877219954,1.84948386109943,0,0,0
Clustered,GURA,Loss,30,20,79.3369476076479,1.61790776049639,0,0,0
Clustered,GURA,Loss,40,20,73.0565580100863,1.48680518803573,0,0,0
Clustered,GURA,Loss,50,20,68.813343219597,1.39912883869871,0,0,0
Clustered,GURA,Loss,60,20,65.6878373588263,1.33495183244685,0,0,0
Clustered,GURA,Loss,70,20,63.2543990372181,1.28518705354651,0,0,0
Clustered,GURA,Loss,80,20,61.2852366865861,1.24504118809266,0,0,0
Clustered,GURA,Loss,90,20,59.6458500950545,1.21169651915258,0,0,0
Clustered,GURA,Loss,100,20,58.2509633616543,1.18337567024757,0,0,0
Clustered,GRA,Loss,10,20,117.062000801303,2.4681732764389,0,0,0
Clustered,GRA,Loss,20,20,90.1816248678352,1.84930056366038,0,0,0
Clustered,GRA,Loss,30,20,79.3384648400939,1.61766550045248,0,0,0
Clustered,GRA,Loss,40,20,73.0578910047456,1.48658638719561,0,0,0
Clustered,GRA,Loss,50,20,68.814486254814,1.39894704109505,0,0,0
Clustered,GRA,Loss,60,20,65.6888766476213,1.33478077533852,0,0,0
Clustered,GRA,Loss,70,20,63.2553667332526,1.28503891609125,0,0,0
Clustered,GRA,Loss,80,20,61.286139924818,1.24489329201644,0,0,0
Clustered,GRA,Loss,90,20,59.646705856917,1.21155781842659,0,0,0
Clustered,GRA,Loss,100,20,58.2517804779455,1.18324877444003,0,0,0
Clustered,RRA,Loss,10,20,124.942590256983,2.58436540915965,0,0,0
Clustered,RRA,Loss,20,20,95.7930331424611,1.97673076737123,0,0,0
Clustered,RRA,Loss,30,20,83.8906110693226,1.73170583348071,0,0,0
Clustered,RRA,Loss,40,20,76.9998485709625,1.59044653692761,0,0,0
Clustered,RRA,Loss,50,20,72.3533810727316,1.49536303936694,0,0,0
Clustered,RRA,Loss,60,20,68.937887944759,1.42552491103077,0,0,0
Clustered,RRA,Loss,70,20,66.28374186284,1.37127235611755,0,0,0
Clustered,RRA,Loss,80,20,64.1396576450023,1.32744997346184,0,0,0
Clustered,RRA,Loss,90,20,62.3573786901949,1.29102121066185,0,0,0
Clustered,RRA,Loss,100,20,60.8429947549654,1.26006479829958,0,0,0
Disconnected,GURA,Loss,10,20,118.653036763143,2.02893369840462,0,0,0
Disconnected,GURA,Loss,20,20,91.5283140510389,1.58119182647726,0,0,0
Disconnected,GURA,Loss,30,20,80.5737287395843,1.39932026584829,0,0,0
Disconnected,GURA,Loss,40,20,74.2229715581537,1.29390436754811,0,0,0
Disconnected,GURA,Loss,50,20,69.9297437227357,1.22259048160394,0,0,0
Disconnected,GURA,Loss,60,20,66.7661238063164,1.16995840910831,0,0,0
Disconnected,GURA,Loss,70,20,64.3022318744829,1.12892467192941,0,0,0
Disconnected,GURA,Loss,80,20,62.3079119107474,1.09566747022589,0,0,0
Disconnected,GURA,Loss,90,20,60.6472276045229,1.06794057439522,0,0,0
Disconnected,GURA,Loss,100,20,59.2339695516954,1.04431800062078,0,0,0
Disconnected,GRA,Loss,10,20,118.654680440725,2.02939064447517,0,0,0
Disconnected,GRA,Loss,20,20,91.5293592836093,1.58112932807677,0,0,0
Disconnected,GRA,Loss,30,20,80.5744011602078,1.39936183217565,0,0,0
Disconnected,GRA,Loss,40,20,74.2235912943691,1.29395641722579,0,0,0
Disconnected,GRA,Loss,50,20,69.9302287313991,1.22262598674879,0,0,0
Disconnected,GRA,Loss,60,20,66.7665592869648,1.16998620094244,0,0,0
Disconnected,GRA,Loss,70,20,64.3026166449394,1.12894836953622,0,0,0
Disconnected,GRA,Loss,80,20,62.3082631856721,1.09570021292156,0,0,0
Disconnected,GRA,Loss,90,20,60.6475663599402,1.06797036497474,0,0,0
Disconnected,GRA,Loss,100,20,59.2343080028237,1.04435109375484,0,0,0
Disconnected,RRA,Loss,10,20,127.611710529675,2.21974706518139,0,0,0
Disconnected,RRA,Loss,20,20,97.811888776327,1.73339593404172,0,0,0
Disconnected,RRA,Loss,30,20,85.6481849853164,1.53479817373779,0,0,0
Disconnected,RRA,Loss,40,20,78.6075589351991,1.41877391322987,0,0,0
Disconnected,RRA,Loss,50,20,73.8606759088309,1.33983147219431,0,0,0
Disconnected,RRA,Loss,60,20,70.3717146435863,1.28134701941327,0,0,0
Disconnected,RRA,Loss,70,20,67.660684738503,1.23559487745333,0,0,0
Disconnected,RRA,Loss,80,20,65.4707831912508,1.19842353573726,0,0,0
Disconnected,RRA,Loss,90,20,63.6505109862757,1.16737216368627,0,0,0
Disconnected,RRA,Loss,100,20,62.103910963381,1.14087475134131,0,0,0
