Network,Node,SecurityLevel,ReceivedTrust,Degree
Random,1,0.27868,0.78657,4
Random,2,0.17433,0.9343,5
Random,3,0.16401,0.824826666666667,6
Random,4,0.43296,0.835648333333333,6
Random,5,0.094574,1,4
Random,6,0.3189,0.87498,5
Random,7,0.13495,0.6496625,8
Random,8,0.25772,0.8646875,4
Random,9,0.24841,0.719,9
Random,10,0.11138,0.84164,5
Random,11,0.14225,0.864908333333333,6
Random,12,0.20007,0.693763333333333,6
Random,13,0.13141,0.943925,4
Random,14,0.33925,0.915833333333333,6
Random,15,0.1035,0.848305714285714,7
Random,16,0.33841,0.781177142857143,7
Random,17,0.17064,0.847361428571428,7
Random,18,0.59614,0.7983275,8
Random,19,0.30107,0.884264,5
Random,20,0.31988,0.814188333333333,6
Random,21,0.39393,1,3
Random,22,0.18369,0.7086,6
Random,23,0.16313,0.813668333333333,6
Random,24,0.11982,0.896242,5
Random,25,0.22005,0.938833333333333,3
Random,26,0.12246,0.875176,5
Random,27,0.21534,1,2
Random,28,0.16561,1,2
Random,29,0.33533,1,2
Random,30,0.092361,0.476136666666667,9
Random,31,0.34746,0.947506,5
Random,32,0.14248,1,4
Random,33,0.27481,0.473962857142857,7
Random,34,0.25134,0.957772,5
Random,35,0.19997,0.775282857142857,7
Random,36,0.15018,0.96283,5
Random,37,0.64649,0.483135,8
Random,38,0.22853,1,4
Random,39,0.21366,0.90131,5
Random,40,0.1826,0.862148333333333,6
Random,41,0.58443,0.49926,4
Random,42,0.20755,0.499654,5
Random,43,0.32602,0.8090875,8
Random,44,0.33876,0.869721428571429,7
Random,45,0.42603,1,4
Random,46,0.11304,0.933015,4
Random,47,0.50388,0.7929225,8
Random,48,0.16408,1,3
Random,49,0.26371,0.492046,5
Random,50,0.22623,0.867612,5
Random,51,0.19258,1,3
Random,52,0.11435,0.798335,8
Random,53,0.29852,0.76235,6
Random,54,0.20822,0.933015,4
Random,55,0.3485,0.781177142857143,7
Random,56,0.42968,0.912692,5
Random,57,0.17618,0.8646875,4
Random,58,0.23373,0.7538,6
Random,59,0.059324,1,4
Random,60,0.1804,0.984594,5
Random,61,0.31385,0.8646875,4
Random,62,0.24568,0.848305714285714,7
Random,63,0.12833,0.796098333333333,6
Random,64,0.082551,0.850443333333333,6
Random,65,0.33542,0.49852,4
Random,66,0.19685,1,2
Random,67,0.23732,0.497946666666667,3
Random,68,0.16384,1,2
Random,69,0.46977,0.888904,5
Random,70,0.28368,0.746413333333333,6
Random,71,0.30826,0.860063333333333,6
Random,72,0.22482,0.947424,5
Random,73,0.12535,0.8120625,8
Random,74,0.38221,0.830476666666667,6
Random,75,0.27834,0.8646875,4
Random,76,0.30676,0.917021666666667,6
Random,77,0.43185,0.462885714285714,7
Random,78,0.29879,0.830476666666667,6
Random,79,0.23318,0.948074,5
Random,80,0.11654,0.933015,4
Random,81,0.16903,0.499654,5
Random,82,0.33848,0.900866,5
Random,83,0.084192,1,2
Random,84,0.40316,1,1
Random,85,0.11782,0.786553333333333,6
Random,86,0.33283,0.9665075,4
Random,87,0.40415,1,3
Random,88,0.1161,0.819658571428571,7
Random,89,0.20004,0.97701,4
Random,90,0.21451,1,4
Random,91,0.19153,0.79795,3
Random,92,0.3679,1,1
Random,93,0.13735,0.935008,5
Random,94,0.42724,0.794304,5
Random,95,0.14053,1,4
Random,96,0.42233,1,3
Random,97,0.29074,0.924994,5
Random,98,0.46805,0.801675,6
Random,99,0.27855,1,2
Random,100,0.24466,0.938833333333333,3
Regular,1,0.28465,1,3
Regular,2,0.12084,0.90984,5
Regular,3,0.22924,0.90984,5
Regular,4,0.23952,1,5
Regular,5,0.10272,1,5
Regular,6,0.60522,1,5
Regular,7,0.14377,1,5
Regular,8,0.25464,0.91775,5
Regular,9,0.21299,0.91775,5
Regular,10,0.062734,1,3
Regular,11,0.23857,0.90984,5
Regular,12,0.12189,0.77219875,8
Regular,13,0.10376,0.7983775,8
Regular,14,0.33348,0.86910625,8
Regular,15,0.092953,0.86910625,8
Regular,16,0.47742,0.87556375,8
Regular,17,0.15322,0.87556375,8
Regular,18,0.44386,0.82109625,8
Regular,19,0.19808,0.78511375,8
Regular,20,0.30441,0.91775,5
Regular,21,0.37102,0.90984,5
Regular,22,0.31248,0.8154575,8
Regular,23,0.18328,0.85537125,8
Regular,24,0.10612,0.92146375,8
Regular,25,0.20109,0.92146375,8
Regular,26,0.13499,0.92792125,8
Regular,27,0.15622,0.93437875,8
Regular,28,0.25144,0.4905075,8
Regular,29,0.44652,0.82109625,8
Regular,30,0.15602,0.91775,5
Regular,31,0.22906,1,5
Regular,32,0.19832,0.88618625,8
Regular,33,0.29988,0.93854375,8
Regular,34,0.25126,1,8
Regular,35,0.35404,1,8
Regular,36,0.1415,0.5,8
Regular,37,0.43503,1,8
Regular,38,0.30096,0.93437875,8
Regular,39,0.13089,0.87556375,8
Regular,40,0.3466,1,5
Regular,41,0.49304,0.5,5
Regular,42,0.23946,0.90326625,8
Regular,43,0.26222,0.94708375,8
Regular,44,0.25691,0.5,8
Regular,45,0.68998,1,8
Regular,46,0.096175,1,8
Regular,47,0.53756,1,8
Regular,48,0.21105,0.93437875,8
Regular,49,0.25274,0.88847875,8
Regular,50,0.1433,1,5
Regular,51,0.20607,1,5
Regular,52,0.13407,0.90326625,8
Regular,53,0.2491,0.94708375,8
Regular,54,0.30531,1,8
Regular,55,0.52072,1,8
Regular,56,0.36449,1,8
Regular,57,0.1703,1,8
Regular,58,0.2122,0.92792125,8
Regular,59,0.071748,0.88202125,8
Regular,60,0.20163,1,5
Regular,61,0.31872,0.5,5
Regular,62,0.25825,0.91180625,8
Regular,63,0.17294,0.94708375,8
Regular,64,0.093827,1,8
Regular,65,0.19914,0.5,8
Regular,66,0.15548,1,8
Regular,67,0.18632,1,8
Regular,68,0.19184,0.93437875,8
Regular,69,0.59957,0.4947,8
Regular,70,0.34133,1,5
Regular,71,0.29125,0.495936,5
Regular,72,0.31167,0.85897,8
Regular,73,0.13606,0.8942075,8
Regular,74,0.437,0.94708375,8
Regular,75,0.18636,0.93854375,8
Regular,76,0.47928,0.93000375,8
Regular,77,0.40895,0.92146375,8
Regular,78,0.36257,0.85328875,8
Regular,79,0.19179,0.8112925,8
Regular,80,0.16861,0.90984,5
Regular,81,0.20174,0.495936,5
Regular,82,0.25771,0.84133125,8
Regular,83,0.10626,0.85043,8
Regular,84,0.46137,0.90326625,8
Regular,85,0.09043,0.88618625,8
Regular,86,0.30038,0.88618625,8
Regular,87,0.25391,0.86910625,8
Regular,88,0.075532,0.804835,8
Regular,89,0.20971,0.78511375,8
Regular,90,0.16958,0.90984,5
Regular,91,0.19145,1,3
Regular,92,0.42847,0.93174,5
Regular,93,0.11383,0.93174,5
Regular,94,0.31368,0.5,5
Regular,95,0.10349,1,5
Regular,96,0.76554,1,5
Regular,97,0.23472,1,5
Regular,98,0.44779,0.90984,5
Regular,99,0.54872,0.90984,5
Regular,100,0.26453,1,3
Clustered,1,0.35931,0.778265,10
Clustered,2,0.1532,0.95466,6
Clustered,3,0.14449,0.96977,6
Clustered,4,0.3236,0.900451428571429,7
Clustered,5,0.13504,0.5,4
Clustered,6,0.49186,0.927698333333333,6
Clustered,7,0.13129,0.96977,6
Clustered,8,0.18118,0.89246,7
Clustered,9,0.28193,0.830535555555556,9
Clustered,10,0.079068,0.780267777777778,9
Clustered,11,0.16572,0.5,5
Clustered,12,0.19574,0.968938333333333,6
Clustered,13,0.14756,0.947093333333333,6
Clustered,14,0.31778,0.94844,6
Clustered,15,0.14283,0.5,6
Clustered,16,0.36946,0.84736375,8
Clustered,17,0.12671,0.892588571428571,7
Clustered,18,0.64415,0.964736666666667,6
Clustered,19,0.19086,0.84949,8
Clustered,20,0.37114,0.94844,6
Clustered,21,0.45264,0.710448333333333,12
Clustered,22,0.24591,0.77188875,8
Clustered,23,0.25698,0.94151,4
Clustered,24,0.12189,0.696220833333333,12
Clustered,25,0.19264,0.476664545454545,11
Clustered,26,0.17058,1,4
Clustered,27,0.16236,0.813635,8
Clustered,28,0.16496,0.900792222222222,9
Clustered,29,0.40376,0.769345555555556,9
Clustered,30,0.11043,0.867032,10
Clustered,31,0.33469,0.81676,11
Clustered,32,0.16224,0.900792222222222,9
Clustered,33,0.24524,0.883502857142857,7
Clustered,34,0.19812,0.888096666666667,6
Clustered,35,0.36274,1,3
Clustered,36,0.21304,0.900792222222222,9
Clustered,37,0.38858,0.6827975,16
Clustered,38,0.35487,0.755514615384615,13
Clustered,39,0.14167,0.81676,11
Clustered,40,0.33891,0.725505714285714,14
Clustered,41,0.42031,0.677988571428571,14
Clustered,42,0.2219,0.841856666666667,9
Clustered,43,0.37852,0.490479,10
Clustered,44,0.30459,0.794286666666667,12
Clustered,45,0.7146,0.7661975,12
Clustered,46,0.084623,0.945113333333333,3
Clustered,47,0.4843,0.90467375,8
Clustered,48,0.30309,0.897674444444444,9
Clustered,49,0.38062,0.479127,10
Clustered,50,0.2126,0.7661975,12
Clustered,51,0.23671,1,5
Clustered,52,0.1589,0.738040833333333,12
Clustered,53,0.2163,0.951185,6
Clustered,54,0.22974,1,2
Clustered,55,0.40968,0.78008625,8
Clustered,56,0.27577,0.890088333333333,6
Clustered,57,0.31143,0.787765714285714,7
Clustered,58,0.13962,0.887137777777778,9
Clustered,59,0.095952,0.7661975,12
Clustered,60,0.16835,0.882097777777778,9
Clustered,61,0.47393,0.700623846153846,13
Clustered,62,0.21322,1,5
Clustered,63,0.23098,0.824998888888889,9
Clustered,64,0.088951,0.497887142857143,7
Clustered,65,0.20672,0.83071375,8
Clustered,66,0.16182,0.763861111111111,9
Clustered,67,0.12992,0.913428333333333,6
Clustered,68,0.15407,0.794688888888889,9
Clustered,69,0.56001,0.915187142857143,7
Clustered,70,0.37203,1,3
Clustered,71,0.37488,0.967711666666667,6
Clustered,72,0.25252,0.90746,7
Clustered,73,0.14196,0.963661666666667,6
Clustered,74,0.47694,0.8743175,8
Clustered,75,0.23295,0.49201,8
Clustered,76,0.43077,0.913428333333333,6
Clustered,77,0.41475,1,5
Clustered,78,0.22005,0.496326666666667,6
Clustered,79,0.19533,0.880454285714286,7
Clustered,80,0.17221,0.92213,7
Clustered,81,0.1295,0.678283076923077,13
Clustered,82,0.29627,0.825034444444444,9
Clustered,83,0.11627,0.713503636363636,11
Clustered,84,0.36912,1,5
Clustered,85,0.12255,0.925587142857143,7
Clustered,86,0.25341,0.648842666666667,15
Clustered,87,0.26967,0.87941625,8
Clustered,88,0.098959,0.788557777777778,9
Clustered,89,0.22799,0.682216153846154,13
Clustered,90,0.16826,0.722478333333333,12
Clustered,91,0.11274,0.779438,10
Clustered,92,0.35079,0.923732857142857,7
Clustered,93,0.14623,0.900917142857143,7
Clustered,94,0.39983,0.956435,6
Clustered,95,0.16502,0.84152875,8
Clustered,96,0.65441,0.820723333333333,9
Clustered,97,0.19133,0.766222,10
Clustered,98,0.46703,0.85686,9
Clustered,99,0.44432,0.87941625,8
Clustered,100,0.26082,0.5,3
Disconnected,1,0.28465,0.640283333333333,12
Disconnected,2,0.12084,0.871471666666667,6
Disconnected,3,0.22924,0.733054,10
Disconnected,4,0.23952,0.63027,11
Disconnected,5,0.10272,0.714322,10
Disconnected,6,0.60522,0.725556666666667,9
Disconnected,7,0.14377,0.715476,10
Disconnected,8,0.25464,0.9665075,4
Disconnected,9,0.21299,0.74302,8
Disconnected,10,0.062734,0.70416,10
Disconnected,11,0.23857,1,2
Disconnected,12,0.12189,0.929558333333333,6
Disconnected,13,0.10376,1,3
Disconnected,14,0.33348,0.80845,6
Disconnected,15,0.092953,0.618545833333333,12
Disconnected,16,0.47742,1,3
Disconnected,17,0.15322,1,5
Disconnected,18,0.44386,0.969416666666667,6
Disconnected,19,0.19808,0.733054,10
Disconnected,20,0.30441,0.822895714285714,7
Disconnected,21,0.37102,0.807965,8
Disconnected,22,0.31248,0.807965,8
Disconnected,23,0.18328,0.725556666666667,9
Disconnected,24,0.10612,0.856247142857143,7
Disconnected,25,0.20109,0.9665075,4
Disconnected,26,0.13499,0.734375833333333,12
Disconnected,27,0.15622,0.807521111111111,9
Disconnected,28,0.25144,0.491952,10
Disconnected,29,0.44652,0.821368888888889,9
Disconnected,30,0.15602,0.833782222222222,9
Disconnected,31,0.22906,0.88673,6
Disconnected,32,0.19832,1,3
Disconnected,33,0.29988,0.894077142857143,7
Disconnected,34,0.25126,0.90923,7
Disconnected,35,0.35404,1,6
Disconnected,36,0.1415,0.475614,10
Disconnected,37,0.43503,0.923442857142857,7
Disconnected,38,0.30096,0.89289,7
Disconnected,39,0.13089,1,6
Disconnected,40,0.3466,1,6
Disconnected,41,0.49304,0.476730909090909,11
Disconnected,42,0.23946,0.90923,7
Disconnected,43,0.26222,1,3
Disconnected,44,0.25691,0.49011,6
Disconnected,45,0.68998,0.958886666666667,6
Disconnected,46,0.096175,0.864915,8
Disconnected,47,0.53756,0.863761428571429,7
Disconnected,48,0.21105,0.820546666666667,9
Disconnected,49,0.25274,0.89289,7
Disconnected,50,0.1433,1,6
Disconnected,51,0.20607,0.868282857142857,7
Disconnected,52,0.13407,0.804512222222222,9
Disconnected,53,0.2491,0.95402,4
Disconnected,54,0.30531,0.723429166666667,12
Disconnected,55,0.52072,0.753812727272727,11
Disconnected,56,0.36449,0.773892222222222,9
Disconnected,57,0.1703,0.954895,6
Disconnected,58,0.2122,0.836687777777778,9
Disconnected,59,0.071748,0.95402,4
Disconnected,60,0.20163,0.853855714285714,7
Disconnected,61,0.31872,0.492046,5
Disconnected,62,0.25825,0.81362,8
Disconnected,63,0.17294,0.872055,4
Disconnected,64,0.093827,0.868282857142857,7
Disconnected,65,0.19914,0.467013,10
Disconnected,66,0.15548,1,2
Disconnected,67,0.18632,0.8233675,8
Disconnected,68,0.19184,1,1
Disconnected,69,0.59957,0.5,3
Disconnected,70,0.34133,1,5
Disconnected,71,0.29125,0.484908888888889,9
Disconnected,72,0.31167,1,4
Disconnected,73,0.13606,0.877038571428571,7
Disconnected,74,0.437,0.804512222222222,9
Disconnected,75,0.18636,0.944705,6
Disconnected,76,0.47928,0.744899,10
Disconnected,77,0.40895,0.702215833333333,12
Disconnected,78,0.36257,0.978886,5
Disconnected,79,0.19179,0.759601,10
Disconnected,80,0.16861,0.706476666666667,12
Disconnected,81,0.20174,0.480423333333333,9
Disconnected,82,0.25771,0.701811666666667,12
Disconnected,83,0.10626,1,3
Disconnected,84,0.46137,1,4
Disconnected,85,0.09043,0.9732475,4
Disconnected,86,0.30038,1,4
Disconnected,87,0.25391,0.759822222222222,9
Disconnected,88,0.075532,0.951706666666667,6
Disconnected,89,0.20971,0.847083333333333,6
Disconnected,90,0.16958,0.938441666666667,6
Disconnected,91,0.19145,0.959483333333333,6
Disconnected,92,0.42847,0.799678888888889,9
Disconnected,93,0.11383,0.928836,5
Disconnected,94,0.31368,0.492003333333333,6
Disconnected,95,0.10349,0.766367,10
Disconnected,96,0.76554,0.810103333333333,9
Disconnected,97,0.23472,0.919366,5
Disconnected,98,0.44779,0.89443,5
Disconnected,99,0.54872,0.84363,8
Disconnected,100,0.26453,0.92747,5
