Network,AttackType,PC,RealizedPC,LossGURA,LossGRA,MeanLossRRA,StdLossRRA
Random,SecurityLevel,0.1,0.1,169.195921723968,169.193319644041,208.498254666042,6.19576410061608
Random,SecurityLevel,0.3,0.3,443.894401741527,443.888339845201,570.438514024265,13.5096440775621
Random,SecurityLevel,0.5,0.5,662.682417616253,662.681464615244,813.487134407418,15.0256773297435
Random,SecurityLevel,0.7,0.7,844.350576026017,844.349851734928,1011.3269942872,14.9577602107077
Random,Trust,0.1,0.1,124.392992203276,124.391313242881,183.646714923641,11.3384656408288
Random,Trust,0.3,0.3,316.927718217039,316.930369502229,408.460000005035,12.6446970072748
Random,Trust,0.5,0.5,524.883690740789,524.883405948771,629.11472865008,13.3800392372023
Random,Trust,0.7,0.7,721.544832547772,721.549693159495,831.391952909649,13.5715718305322
Random,Degree,0.1,0.1,110.43872462348,110.440468489153,111.484439238647,2.88581100640785
Random,Degree,0.3,0.3,327.302332416274,327.30871826745,335.226018799677,5.96540222286006
Random,Degree,0.5,0.5,544.496119201111,544.506450605507,564.530546349036,7.66872456279173
Random,Degree,0.7,0.7,738.244197890931,738.251909711657,768.473072049287,7.86802208969086
Regular,SecurityLevel,0.1,0.1,178.571650905947,178.562438781609,244.32870278751,8.14976621924838
Regular,SecurityLevel,0.3,0.3,442.954053039784,442.932434252188,562.666966866859,11.0490474270846
Regular,SecurityLevel,0.5,0.5,655.215332286067,655.211575181054,785.146186067265,11.3348972753586
Regular,SecurityLevel,0.7,0.7,835.38145971677,835.402134788033,960.100077135639,10.8323319436734
Regular,Trust,0.1,0.1,101.621555520312,101.613636850917,122.155519782293,6.47034378770154
Regular,Trust,0.3,0.3,323.423015899521,323.409088576493,377.821866974274,8.86900374507663
Regular,Trust,0.5,0.5,518.22357165848,518.224241312986,584.659871535283,9.31824706053461
Regular,Trust,0.7,0.7,724.597899929562,724.610271540368,796.769421788303,10.2616947752831
Regular,Degree,0.1,0.1,98.8200988323493,98.8118477415863,91.7649512774336,3.07896630700015
Regular,Degree,0.3,0.3,304.798495518829,304.775535796012,321.204782230525,4.71292257528765
Regular,Degree,0.5,0.5,517.838260134859,517.806022671124,548.558818759506,5.1864517893111
Regular,Degree,0.7,0.7,729.236144656425,729.208690629284,771.643712741787,8.75223756327726
Clustered,SecurityLevel,0.1,0.1,178.079768627737,178.084266443515,235.654471710082,7.05843419388886
Clustered,SecurityLevel,0.3,0.3,467.562098510475,467.560270082344,594.969580124019,11.4855556866429
Clustered,SecurityLevel,0.5,0.5,694.775523399716,694.767251276674,845.376942069462,11.7491238293224
Clustered,SecurityLevel,0.7,0.7,880.574562126629,880.56746289728,1024.40324226294,10.9442111238988
Clustered,Trust,0.1,0.1,113.305890326169,113.307819245293,157.096351410536,7.99276451697096
Clustered,Trust,0.3,0.3,351.38992094878,351.40247417549,427.283514804781,11.0589845786878
Clustered,Trust,0.5,0.5,562.181546362293,562.19009736098,657.096503000535,11.8034865952033
Clustered,Trust,0.7,0.7,776.427715275259,776.439554007231,869.736739367658,11.5032022094399
Clustered,Degree,0.1,0.1,115.909222260122,115.90857015567,107.067150198256,2.60909548372054
Clustered,Degree,0.3,0.3,340.026000044539,340.020962570538,352.774734358122,4.85634041035448
Clustered,Degree,0.5,0.5,553.134041267349,553.121779669649,568.734378164316,5.95052513616421
Clustered,Degree,0.7,0.7,770.924970825931,770.923057377629,799.987790814171,7.45123539073861
Disconnected,SecurityLevel,0.1,0.1,182.45177318491,182.445494937916,250.096664477052,9.50957674564532
Disconnected,SecurityLevel,0.3,0.3,461.268536028927,461.259162670045,591.778676231705,11.7645694163106
Disconnected,SecurityLevel,0.5,0.5,678.658728328409,678.649456976842,831.44470160296,12.5620088811956
Disconnected,SecurityLevel,0.7,0.7,864.180992175574,864.180244129023,1006.9954603019,12.4866174068687
Disconnected,Trust,0.1,0.1,115.863918874093,115.865903291067,147.324723136467,8.00587705280799
Disconnected,Trust,0.3,0.3,313.051015641611,313.057844940764,375.800126661771,10.4553577328858
Disconnected,Trust,0.5,0.5,515.317904457964,515.346296439363,588.053211601879,10.3574272557894
Disconnected,Trust,0.7,0.7,754.65747484923,754.675883586858,845.778296771118,10.5960271439175
Disconnected,Degree,0.1,0.1,111.924733032306,111.92200790623,110.372348606146,2.54222549224239
Disconnected,Degree,0.3,0.3,322.017055864669,322.010080570405,319.593586395454,4.1512825223299
Disconnected,Degree,0.5,0.5,536.870507771659,536.873510673181,546.098960280794,5.85228435372577
Disconnected,Degree,0.7,0.7,752.417139239485,752.427965201961,771.447823560314,6.02449743031418
